SubjectID,DateID,GestureLabel,RepetitionNumber,CorrectLabel,Position,Timestamp1,Timestamp2,Timestamp3,JointName,TrackingStatus,X,Y,Z,X_proj,Y_proj
215,18,5,6,1,stand,9009,5,51999,SpineBase,Tracked,-0.3860368,0.02147873,2.151676,192.4569,203.2846
215,18,5,6,1,stand,9009,5,51999,SpineMid,Tracked,-0.3953587,0.3276624,2.103595,189.2039,149.5751
215,18,5,6,1,stand,9009,5,51999,Neck,Tracked,-0.4029686,0.6224307,2.044465,185.641,94.51006
215,18,5,6,1,stand,9009,5,51999,Head,Tracked,-0.3955893,0.7537301,2.024084,186.2257,69.36417
215,18,5,6,1,stand,9009,5,51999,ShoulderLeft,Tracked,-0.5729524,0.5284992,2.026206,153.9734,110.5948
215,18,5,6,1,stand,9009,5,51999,ElbowLeft,Tracked,-0.6565824,0.287532,2.076048,141.6602,155.8155
215,18,5,6,1,stand,9009,5,51999,WristLeft,Tracked,-0.657336,0.07733058,2.041275,139.5816,192.9731
215,18,5,6,1,stand,9009,5,51999,HandLeft,Tracked,-0.6407486,0.03919299,2.041351,142.609,199.8707
215,18,5,6,1,stand,9009,5,51999,ShoulderRight,Tracked,-0.2203641,0.5391762,2.092635,219.6128,111.9561
215,18,5,6,1,stand,9009,5,51999,ElbowRight,Tracked,-0.1184187,0.3404954,2.168564,238.3632,149.229
215,18,5,6,1,stand,9009,5,51999,WristRight,Tracked,-0.1528921,0.1374978,2.108685,231.819,183.0155
215,18,5,6,1,stand,9009,5,51999,HandRight,Tracked,-0.2069216,0.1022068,2.106532,222.3677,189.1385
215,18,5,6,1,stand,9009,5,51999,HipLeft,Tracked,-0.461666,0.02433563,2.097724,177.4165,202.6848
215,18,5,6,1,stand,9009,5,51999,KneeLeft,Tracked,-0.468473,-0.3466904,2.201157,179.994,265.009
215,18,5,6,1,stand,9009,5,51999,AnkleLeft,Tracked,-0.4699919,-0.6557584,2.251068,181.3303,314.543
215,18,5,6,1,stand,9009,5,51999,FootLeft,Tracked,-0.4911117,-0.7274784,2.179799,175.1951,330.265
215,18,5,6,1,stand,9009,5,51999,HipRight,Tracked,-0.2982035,0.01772559,2.137357,207.1749,203.9086
215,18,5,6,1,stand,9009,5,51999,KneeRight,Tracked,-0.2693096,-0.3746848,2.238319,214.1606,268.5603
215,18,5,6,1,stand,9009,5,51999,AnkleRight,Tracked,-0.1705058,-0.7142173,2.264495,230.6482,323.3689
215,18,5,6,1,stand,9009,5,51999,FootRight,Tracked,-0.1551175,-0.6887371,2.159038,231.92,324.7055
215,18,5,6,1,stand,9009,5,51999,SpineShoulder,Tracked,-0.4014054,0.550323,2.061169,186.55,108.3958
215,18,5,6,1,stand,9009,5,51999,HandTipLeft,Tracked,-0.612511,-0.01498673,2.069061,149.2419,209.6276
215,18,5,6,1,stand,9009,5,51999,ThumbLeft,Tracked,-0.5788814,0.02476184,2.037638,153.6756,202.4745
215,18,5,6,1,stand,9009,5,51999,HandTipRight,Tracked,-0.2350911,0.01778558,2.091898,217.168,203.8334
215,18,5,6,1,stand,9009,5,51999,ThumbRight,Tracked,-0.2508745,0.1374225,2.078152,214.0846,182.6593
215,18,5,6,1,stand,9010,5,52031,SpineBase,Tracked,-0.3857087,0.02110908,2.151334,192.5027,203.3472
215,18,5,6,1,stand,9010,5,52031,SpineMid,Tracked,-0.3955408,0.3274059,2.103494,189.1687,149.6173
215,18,5,6,1,stand,9010,5,52031,Neck,Tracked,-0.4038522,0.6220976,2.04452,185.4832,94.57318
215,18,5,6,1,stand,9010,5,52031,Head,Tracked,-0.3977144,0.75394,2.024516,185.8533,69.3553
215,18,5,6,1,stand,9010,5,52031,ShoulderLeft,Tracked,-0.5737324,0.5271816,2.025953,153.8183,110.8231
215,18,5,6,1,stand,9010,5,52031,ElbowLeft,Tracked,-0.6577682,0.2891334,2.073132,141.2821,155.4572
215,18,5,6,1,stand,9010,5,52031,WristLeft,Tracked,-0.700227,0.08915616,2.011031,129.8589,190.5843
215,18,5,6,1,stand,9010,5,52031,HandLeft,Tracked,-0.6816978,0.05162794,2.016136,133.6038,197.5014
215,18,5,6,1,stand,9010,5,52031,ShoulderRight,Tracked,-0.2209785,0.5394332,2.092524,219.5022,111.9053
215,18,5,6,1,stand,9010,5,52031,ElbowRight,Tracked,-0.1184794,0.3405543,2.168542,238.3527,149.2184
215,18,5,6,1,stand,9010,5,52031,WristRight,Tracked,-0.1532135,0.1376424,2.108502,231.7606,182.9882
215,18,5,6,1,stand,9010,5,52031,HandRight,Inferred,-0.2073257,0.100657,2.103942,222.2528,189.387
215,18,5,6,1,stand,9010,5,52031,HipLeft,Tracked,-0.4613311,0.02362337,2.097113,177.4519,202.8087
215,18,5,6,1,stand,9010,5,52031,KneeLeft,Tracked,-0.4677309,-0.347396,2.201225,180.1209,265.1252
215,18,5,6,1,stand,9010,5,52031,AnkleLeft,Tracked,-0.4699367,-0.6554942,2.251173,181.3431,314.4944
215,18,5,6,1,stand,9010,5,52031,FootLeft,Tracked,-0.4907663,-0.7267041,2.179523,175.2432,330.1492
215,18,5,6,1,stand,9010,5,52031,HipRight,Tracked,-0.2979011,0.01760644,2.1372,207.2233,203.9288
215,18,5,6,1,stand,9010,5,52031,KneeRight,Tracked,-0.2692756,-0.3747973,2.237833,214.1564,268.5923
215,18,5,6,1,stand,9010,5,52031,AnkleRight,Tracked,-0.1703492,-0.7142492,2.264371,230.6722,323.3805
215,18,5,6,1,stand,9010,5,52031,FootRight,Tracked,-0.1428062,-0.6798977,2.164691,234.0916,322.8764
215,18,5,6,1,stand,9010,5,52031,SpineShoulder,Tracked,-0.4020749,0.550002,2.061176,186.4302,108.4535
215,18,5,6,1,stand,9010,5,52031,HandTipLeft,Tracked,-0.651776,-0.03525314,2.046108,140.8781,213.3144
215,18,5,6,1,stand,9010,5,52031,ThumbLeft,Tracked,-0.6232736,0.01009875,1.983154,142.462,205.0766
215,18,5,6,1,stand,9010,5,52031,HandTipRight,Tracked,-0.2330726,0.01019811,2.095233,217.5885,205.1684
215,18,5,6,1,stand,9010,5,52031,ThumbRight,Tracked,-0.2523792,0.1298608,2.069773,213.6384,183.9035
215,18,5,6,1,stand,9011,5,52066,SpineBase,Tracked,-0.3855392,0.02087914,2.151128,192.5255,203.3862
215,18,5,6,1,stand,9011,5,52066,SpineMid,Tracked,-0.3958402,0.3272576,2.103572,189.1187,149.6453
215,18,5,6,1,stand,9011,5,52066,Neck,Tracked,-0.4053115,0.6220704,2.045285,185.2468,94.61971
215,18,5,6,1,stand,9011,5,52066,Head,Tracked,-0.3993213,0.7541336,2.02539,185.5916,69.37944
215,18,5,6,1,stand,9011,5,52066,ShoulderLeft,Tracked,-0.57419,0.5271506,2.026356,153.7556,110.8478
215,18,5,6,1,stand,9011,5,52066,ElbowLeft,Tracked,-0.6721307,0.2977097,2.056964,137.7623,153.5037
215,18,5,6,1,stand,9011,5,52066,WristLeft,Tracked,-0.7195766,0.09743103,2.000834,125.6087,188.9704
215,18,5,6,1,stand,9011,5,52066,HandLeft,Tracked,-0.7214618,0.04158594,1.981277,123.9428,199.2032
215,18,5,6,1,stand,9011,5,52066,ShoulderRight,Tracked,-0.2216305,0.539488,2.092427,219.3854,111.8908
215,18,5,6,1,stand,9011,5,52066,ElbowRight,Tracked,-0.118433,0.3404567,2.168392,238.3592,149.231
215,18,5,6,1,stand,9011,5,52066,WristRight,Tracked,-0.1533323,0.1375407,2.108486,231.7397,183.0057
215,18,5,6,1,stand,9011,5,52066,HandRight,Tracked,-0.2060363,0.1019479,2.103355,222.468,189.1568
215,18,5,6,1,stand,9011,5,52066,HipLeft,Tracked,-0.4612672,0.02332411,2.096963,177.4574,202.8609
215,18,5,6,1,stand,9011,5,52066,KneeLeft,Tracked,-0.4674976,-0.3490533,2.201658,180.1747,265.3917
215,18,5,6,1,stand,9011,5,52066,AnkleLeft,Tracked,-0.4699254,-0.6552837,2.251129,181.3435,314.4618
215,18,5,6,1,stand,9011,5,52066,FootLeft,Tracked,-0.4910588,-0.7272795,2.180924,175.2471,330.1676
215,18,5,6,1,stand,9011,5,52066,HipRight,Tracked,-0.2976004,0.01747134,2.13693,207.2686,203.9517
215,18,5,6,1,stand,9011,5,52066,KneeRight,Tracked,-0.2693238,-0.3746238,2.237663,214.1452,268.5684
215,18,5,6,1,stand,9011,5,52066,AnkleRight,Tracked,-0.2018366,-0.6498395,2.278401,225.7606,312.17
215,18,5,6,1,stand,9011,5,52066,FootRight,Tracked,-0.164303,-0.7044756,2.223502,231.1649,323.9006
215,18,5,6,1,stand,9011,5,52066,SpineShoulder,Tracked,-0.4031983,0.5499094,2.061723,186.2479,108.4958
215,18,5,6,1,stand,9011,5,52066,HandTipLeft,Tracked,-0.7185621,-0.05270893,1.997894,125.6051,216.6996
215,18,5,6,1,stand,9011,5,52066,ThumbLeft,Tracked,-0.6752015,0.005008082,1.9352,129.6003,206.0002
215,18,5,6,1,stand,9011,5,52066,HandTipRight,Tracked,-0.2344728,0.01683719,2.092422,217.2872,204.0007
215,18,5,6,1,stand,9011,5,52066,ThumbRight,Tracked,-0.254213,0.110228,2.065773,213.2282,187.3519
215,18,5,6,1,stand,9012,5,52100,SpineBase,Tracked,-0.3850133,0.02032016,2.151056,192.6136,203.4816
215,18,5,6,1,stand,9012,5,52100,SpineMid,Tracked,-0.396132,0.3270557,2.103819,189.0757,149.6874
215,18,5,6,1,stand,9012,5,52100,Neck,Tracked,-0.407056,0.6222439,2.04638,184.9707,94.64798
215,18,5,6,1,stand,9012,5,52100,Head,Tracked,-0.4004346,0.7543981,2.026268,185.4201,69.39084
215,18,5,6,1,stand,9012,5,52100,ShoulderLeft,Tracked,-0.5748071,0.5263815,2.026837,153.6681,111.0109
215,18,5,6,1,stand,9012,5,52100,ElbowLeft,Tracked,-0.6875201,0.3051854,2.042737,134.1209,151.7716
215,18,5,6,1,stand,9012,5,52100,WristLeft,Tracked,-0.7610214,0.1199538,1.965209,115.3678,184.4045
215,18,5,6,1,stand,9012,5,52100,HandLeft,Tracked,-0.7657716,0.07077702,1.930788,111.9025,193.412
215,18,5,6,1,stand,9012,5,52100,ShoulderRight,Tracked,-0.221798,0.5394212,2.092502,219.3573,111.906
215,18,5,6,1,stand,9012,5,52100,ElbowRight,Tracked,-0.1185011,0.3398693,2.167475,238.3392,149.3064
215,18,5,6,1,stand,9012,5,52100,WristRight,Tracked,-0.1536551,0.137133,2.107034,231.6651,183.0602
215,18,5,6,1,stand,9012,5,52100,HandRight,Tracked,-0.208098,0.09933764,2.100835,222.0641,189.5916
215,18,5,6,1,stand,9012,5,52100,HipLeft,Tracked,-0.4607568,0.02266395,2.096676,177.5364,202.9763
215,18,5,6,1,stand,9012,5,52100,KneeLeft,Tracked,-0.4674947,-0.3493798,2.201821,180.1808,265.4421
215,18,5,6,1,stand,9012,5,52100,AnkleLeft,Tracked,-0.4699289,-0.6551986,2.251103,181.3421,314.4491
215,18,5,6,1,stand,9012,5,52100,FootLeft,Tracked,-0.4906361,-0.7269971,2.180259,175.2933,330.1573
215,18,5,6,1,stand,9012,5,52100,HipRight,Tracked,-0.2970563,0.01703261,2.137068,207.3658,204.0273
215,18,5,6,1,stand,9012,5,52100,KneeRight,Tracked,-0.269381,-0.3746331,2.237549,214.1335,268.5731
215,18,5,6,1,stand,9012,5,52100,AnkleRight,Tracked,-0.2060824,-0.641457,2.280124,225.1009,310.7266
215,18,5,6,1,stand,9012,5,52100,FootRight,Tracked,-0.166343,-0.7010429,2.224307,230.837,323.2853
215,18,5,6,1,stand,9012,5,52100,SpineShoulder,Tracked,-0.4045162,0.5499291,2.062576,186.0416,108.5325
215,18,5,6,1,stand,9012,5,52100,HandTipLeft,Tracked,-0.7797592,-0.01809267,1.905884,107.2697,210.4634
215,18,5,6,1,stand,9012,5,52100,ThumbLeft,Tracked,-0.7402552,0.02004997,1.870556,112.226,202.9956
215,18,5,6,1,stand,9012,5,52100,HandTipRight,Tracked,-0.2340675,0.005919143,2.095649,217.422,205.9185
215,18,5,6,1,stand,9012,5,52100,ThumbRight,Tracked,-0.2559268,0.1312639,2.066115,212.9262,183.6122
215,18,5,6,1,stand,9013,5,52133,SpineBase,Tracked,-0.3847075,0.02013755,2.150856,192.6599,203.5126
215,18,5,6,1,stand,9013,5,52133,SpineMid,Tracked,-0.3961203,0.3269547,2.103899,189.0805,149.7073
215,18,5,6,1,stand,9013,5,52133,Neck,Tracked,-0.4070912,0.6221254,2.046777,184.9787,94.69133
215,18,5,6,1,stand,9013,5,52133,Head,Tracked,-0.4010637,0.7546458,2.026928,185.3292,69.39049
215,18,5,6,1,stand,9013,5,52133,ShoulderLeft,Tracked,-0.5757481,0.52615,2.027571,153.5344,111.0877
215,18,5,6,1,stand,9013,5,52133,ElbowLeft,Tracked,-0.7040425,0.3137124,2.026742,130.1111,149.7742
215,18,5,6,1,stand,9013,5,52133,WristLeft,Tracked,-0.7962387,0.1500531,1.923064,105.4529,178.1251
215,18,5,6,1,stand,9013,5,52133,HandLeft,Tracked,-0.8082095,0.1056826,1.884782,100.0041,186.2385
215,18,5,6,1,stand,9013,5,52133,ShoulderRight,Tracked,-0.2218358,0.5393588,2.092549,219.3515,111.9193
215,18,5,6,1,stand,9013,5,52133,ElbowRight,Tracked,-0.1178352,0.3388141,2.165481,238.4339,149.433
215,18,5,6,1,stand,9013,5,52133,WristRight,Tracked,-0.1542233,0.137052,2.102148,231.5034,183.0187
215,18,5,6,1,stand,9013,5,52133,HandRight,Tracked,-0.2085273,0.1002683,2.09702,221.9224,189.3969
215,18,5,6,1,stand,9013,5,52133,HipLeft,Tracked,-0.4604618,0.02243303,2.096518,177.5823,203.0165
215,18,5,6,1,stand,9013,5,52133,KneeLeft,Tracked,-0.467404,-0.3492267,2.20145,180.1829,265.4263
215,18,5,6,1,stand,9013,5,52133,AnkleLeft,Tracked,-0.4699444,-0.6552961,2.251168,181.3417,314.462
215,18,5,6,1,stand,9013,5,52133,FootLeft,Tracked,-0.4906199,-0.7269202,2.180236,175.2952,330.1455
215,18,5,6,1,stand,9013,5,52133,HipRight,Tracked,-0.2967578,0.01693309,2.136847,207.412,204.0441
215,18,5,6,1,stand,9013,5,52133,KneeRight,Tracked,-0.2693847,-0.3747474,2.23754,214.1327,268.5922
215,18,5,6,1,stand,9013,5,52133,AnkleRight,Tracked,-0.1979422,-0.6573685,2.277897,226.3821,313.4193
215,18,5,6,1,stand,9013,5,52133,FootRight,Tracked,-0.1609108,-0.7111087,2.22028,231.6876,325.1801
215,18,5,6,1,stand,9013,5,52133,SpineShoulder,Tracked,-0.4045572,0.5498141,2.062888,186.0453,108.5682
215,18,5,6,1,stand,9013,5,52133,HandTipLeft,Tracked,-0.8355627,0.006381071,1.828834,89.66849,205.6669
215,18,5,6,1,stand,9013,5,52133,ThumbLeft,Tracked,-0.8031982,0.0768946,1.804556,94.00424,191.2135
215,18,5,6,1,stand,9013,5,52133,HandTipRight,Tracked,-0.2312158,0.01011908,2.095204,217.914,205.1822
215,18,5,6,1,stand,9013,5,52133,ThumbRight,Tracked,-0.256214,0.1298997,2.06566,212.8652,183.8497
215,18,5,6,1,stand,9014,5,52199,SpineBase,Tracked,-0.3843575,0.01987544,2.15023,192.7008,203.5564
215,18,5,6,1,stand,9014,5,52199,SpineMid,Tracked,-0.3961164,0.326941,2.103908,189.0815,149.71
215,18,5,6,1,stand,9014,5,52199,Neck,Tracked,-0.4071009,0.6222589,2.047281,184.9951,94.69494
215,18,5,6,1,stand,9014,5,52199,Head,Tracked,-0.4017929,0.7550102,2.027899,185.2314,69.38998
215,18,5,6,1,stand,9014,5,52199,ShoulderLeft,Tracked,-0.5766298,0.5267919,2.028594,153.4264,111.0189
215,18,5,6,1,stand,9014,5,52199,ElbowLeft,Tracked,-0.7420965,0.377745,1.984215,120.2496,136.6138
215,18,5,6,1,stand,9014,5,52199,WristLeft,Tracked,-0.8553994,0.2496928,1.85359,88.04292,157.2167
215,18,5,6,1,stand,9014,5,52199,HandLeft,Tracked,-0.8783672,0.2154308,1.803634,78.72337,162.8781
215,18,5,6,1,stand,9014,5,52199,ShoulderRight,Tracked,-0.2218359,0.5393597,2.092534,219.3512,111.9184
215,18,5,6,1,stand,9014,5,52199,ElbowRight,Tracked,-0.1168942,0.3383866,2.161922,238.561,149.4111
215,18,5,6,1,stand,9014,5,52199,WristRight,Tracked,-0.1540932,0.1365748,2.099327,231.49,183.07
215,18,5,6,1,stand,9014,5,52199,HandRight,Tracked,-0.2068074,0.1015939,2.093304,222.1595,189.1332
215,18,5,6,1,stand,9014,5,52199,HipLeft,Tracked,-0.4602216,0.02223026,2.096335,177.6177,203.0518
215,18,5,6,1,stand,9014,5,52199,KneeLeft,Tracked,-0.467805,-0.3488007,2.200999,180.0995,265.367
215,18,5,6,1,stand,9014,5,52199,AnkleLeft,Tracked,-0.4697656,-0.6550048,2.251113,181.3694,314.4166
215,18,5,6,1,stand,9014,5,52199,FootLeft,Tracked,-0.4905387,-0.7268741,2.179409,175.2774,330.1845
215,18,5,6,1,stand,9014,5,52199,HipRight,Tracked,-0.2962895,0.01667597,2.135524,207.4611,204.0866
215,18,5,6,1,stand,9014,5,52199,KneeRight,Tracked,-0.2691166,-0.3746035,2.237128,214.1687,268.5798
215,18,5,6,1,stand,9014,5,52199,AnkleRight,Tracked,-0.1980779,-0.6581916,2.277703,226.3571,313.5627
215,18,5,6,1,stand,9014,5,52199,FootRight,Tracked,-0.1609335,-0.7111536,2.218399,231.661,325.2886
215,18,5,6,1,stand,9014,5,52199,SpineShoulder,Tracked,-0.4045791,0.5498848,2.063213,186.0528,108.5711
215,18,5,6,1,stand,9014,5,52199,HandTipLeft,Tracked,-0.9146036,0.1447478,1.713032,61.73029,175.824
215,18,5,6,1,stand,9014,5,52199,ThumbLeft,Tracked,-0.8720879,0.1882208,1.7028,69.60043,166.1991
215,18,5,6,1,stand,9014,5,52199,HandTipRight,Tracked,-0.2381053,0.01110599,2.085062,216.5006,204.9996
215,18,5,6,1,stand,9014,5,52199,ThumbRight,Tracked,-0.2553529,0.1374512,2.065,213.0026,182.498
215,18,5,6,1,stand,9015,5,52233,SpineBase,Tracked,-0.38435,0.01983961,2.150158,192.6999,203.5624
215,18,5,6,1,stand,9015,5,52233,SpineMid,Tracked,-0.3961623,0.3269395,2.104022,189.0772,149.7133
215,18,5,6,1,stand,9015,5,52233,Neck,Tracked,-0.4071099,0.6224475,2.047893,185.0155,94.69453
215,18,5,6,1,stand,9015,5,52233,Head,Tracked,-0.4026221,0.755421,2.029023,185.1209,69.39142
215,18,5,6,1,stand,9015,5,52233,ShoulderLeft,Tracked,-0.577361,0.5281821,2.029748,153.3526,110.82
215,18,5,6,1,stand,9015,5,52233,ElbowLeft,Tracked,-0.7495748,0.4070405,1.974014,118.1405,130.7693
215,18,5,6,1,stand,9015,5,52233,WristLeft,Tracked,-0.8790201,0.3187809,1.826311,80.88747,142.5657
215,18,5,6,1,stand,9015,5,52233,HandLeft,Tracked,-0.9043832,0.2909007,1.778449,71.02408,146.6724
215,18,5,6,1,stand,9015,5,52233,ShoulderRight,Tracked,-0.2219279,0.5395108,2.092328,219.331,111.8821
215,18,5,6,1,stand,9015,5,52233,ElbowRight,Tracked,-0.11595,0.3380491,2.15913,238.6962,149.3943
215,18,5,6,1,stand,9015,5,52233,WristRight,Tracked,-0.1537994,0.136009,2.097872,231.5228,183.1526
215,18,5,6,1,stand,9015,5,52233,HandRight,Tracked,-0.2039173,0.1014938,2.093721,222.6744,189.1547
215,18,5,6,1,stand,9015,5,52233,HipLeft,Tracked,-0.4602292,0.0222158,2.096346,177.6168,203.0544
215,18,5,6,1,stand,9015,5,52233,KneeLeft,Tracked,-0.4679782,-0.3492575,2.201269,180.0798,265.4366
215,18,5,6,1,stand,9015,5,52233,AnkleLeft,Tracked,-0.4697646,-0.6555382,2.251047,181.367,314.5076
215,18,5,6,1,stand,9015,5,52233,FootLeft,Tracked,-0.491352,-0.7274246,2.18005,175.1639,330.2417
215,18,5,6,1,stand,9015,5,52233,HipRight,Tracked,-0.2962321,0.01661269,2.135235,207.4641,204.0971
215,18,5,6,1,stand,9015,5,52233,KneeRight,Tracked,-0.2693743,-0.3755759,2.237157,214.1264,268.7396
215,18,5,6,1,stand,9015,5,52233,AnkleRight,Tracked,-0.1976161,-0.6592476,2.277801,226.433,313.73
215,18,5,6,1,stand,9015,5,52233,FootRight,Tracked,-0.1607395,-0.7118484,2.217394,231.6809,325.4589
215,18,5,6,1,stand,9015,5,52233,SpineShoulder,Tracked,-0.4046321,0.5500208,2.063702,186.0605,108.5701
215,18,5,6,1,stand,9015,5,52233,HandTipLeft,Tracked,-0.9395212,0.2438081,1.689323,53.9552,153.8916
215,18,5,6,1,stand,9015,5,52233,ThumbLeft,Tracked,-0.9043289,0.2580953,1.65975,57.99997,149.7504
215,18,5,6,1,stand,9015,5,52233,HandTipRight,Tracked,-0.2210651,0.04515617,2.096131,219.7122,199.0451
215,18,5,6,1,stand,9015,5,52233,ThumbRight,Tracked,-0.2494552,0.1385016,2.07487,214.2659,182.4298
215,18,5,6,1,stand,9016,5,52266,SpineBase,Tracked,-0.3843019,0.01991644,2.149973,192.7025,203.549
215,18,5,6,1,stand,9016,5,52266,SpineMid,Tracked,-0.3961356,0.3269685,2.10404,189.0825,149.7087
215,18,5,6,1,stand,9016,5,52266,Neck,Tracked,-0.4068596,0.6225755,2.048137,185.0694,94.6849
215,18,5,6,1,stand,9016,5,52266,Head,Tracked,-0.4027795,0.7555357,2.029661,185.1153,69.41374
215,18,5,6,1,stand,9016,5,52266,ShoulderLeft,Tracked,-0.5783216,0.5301478,2.030543,153.2182,110.4992
215,18,5,6,1,stand,9016,5,52266,ElbowLeft,Tracked,-0.7643011,0.4614418,1.949912,113.6501,119.5401
215,18,5,6,1,stand,9016,5,52266,WristLeft,Tracked,-0.8981534,0.3830501,1.800723,74.6913,128.5897
215,18,5,6,1,stand,9016,5,52266,HandLeft,Tracked,-0.917074,0.374795,1.767751,67.51854,128.9291
215,18,5,6,1,stand,9016,5,52266,ShoulderRight,Tracked,-0.2220149,0.5395671,2.092168,219.3127,111.8648
215,18,5,6,1,stand,9016,5,52266,ElbowRight,Tracked,-0.1156137,0.3362916,2.155591,238.7214,149.6003
215,18,5,6,1,stand,9016,5,52266,WristRight,Tracked,-0.1533149,0.1340362,2.095074,231.5721,183.4667
215,18,5,6,1,stand,9016,5,52266,HandRight,Tracked,-0.2062763,0.1001606,2.091686,222.2249,189.3712
215,18,5,6,1,stand,9016,5,52266,HipLeft,Tracked,-0.4602167,0.02226873,2.096329,177.6183,203.0451
215,18,5,6,1,stand,9016,5,52266,KneeLeft,Tracked,-0.4680643,-0.3492166,2.20119,180.0625,265.4319
215,18,5,6,1,stand,9016,5,52266,AnkleLeft,Tracked,-0.469878,-0.6553565,2.251011,181.3472,314.4795
215,18,5,6,1,stand,9016,5,52266,FootLeft,Tracked,-0.4915045,-0.7275502,2.180683,175.1623,330.2272
215,18,5,6,1,stand,9016,5,52266,HipRight,Tracked,-0.2961282,0.01670995,2.134773,207.4709,204.0797
215,18,5,6,1,stand,9016,5,52266,KneeRight,Tracked,-0.2688755,-0.3755746,2.236737,214.2003,268.7509
215,18,5,6,1,stand,9016,5,52266,AnkleRight,Tracked,-0.1975502,-0.6592918,2.277739,226.4427,313.7402
215,18,5,6,1,stand,9016,5,52266,FootRight,Tracked,-0.1610067,-0.7120541,2.217289,231.6351,325.4991
215,18,5,6,1,stand,9016,5,52266,SpineShoulder,Tracked,-0.4044714,0.5501272,2.063883,186.0956,108.5597
215,18,5,6,1,stand,9016,5,52266,HandTipLeft,Tracked,-0.9577745,0.3445328,1.677656,49.06752,131.64
215,18,5,6,1,stand,9016,5,52266,ThumbLeft,Tracked,-0.9283112,0.3500654,1.647333,51.69208,128.9915
215,18,5,6,1,stand,9016,5,52266,HandTipRight,Tracked,-0.2250003,0.04382998,2.092947,218.9615,199.2655
215,18,5,6,1,stand,9016,5,52266,ThumbRight,Tracked,-0.2534105,0.1356285,2.067781,213.4102,182.8555
215,18,5,6,1,stand,9017,5,52299,SpineBase,Tracked,-0.3845206,0.02019615,2.149672,192.6557,203.5006
215,18,5,6,1,stand,9017,5,52299,SpineMid,Tracked,-0.3962781,0.3271461,2.104097,189.0592,149.679
215,18,5,6,1,stand,9017,5,52299,Neck,Tracked,-0.4068891,0.6228362,2.048462,185.0757,94.65563
215,18,5,6,1,stand,9017,5,52299,Head,Tracked,-0.4030799,0.7556784,2.03041,185.0877,69.43852
215,18,5,6,1,stand,9017,5,52299,ShoulderLeft,Tracked,-0.5791271,0.5336642,2.030789,153.0832,109.8701
215,18,5,6,1,stand,9017,5,52299,ElbowLeft,Tracked,-0.7700566,0.4974633,1.936892,111.6174,112.1073
215,18,5,6,1,stand,9017,5,52299,WristLeft,Tracked,-0.9132206,0.4594266,1.781174,69.92058,112.1149
215,18,5,6,1,stand,9017,5,52299,HandLeft,Tracked,-0.9792687,0.4458462,1.702895,48.05626,111.1714
215,18,5,6,1,stand,9017,5,52299,ShoulderRight,Tracked,-0.2220695,0.5395446,2.092151,219.3027,111.868
215,18,5,6,1,stand,9017,5,52299,ElbowRight,Tracked,-0.1148729,0.3365373,2.154396,238.8368,149.5264
215,18,5,6,1,stand,9017,5,52299,WristRight,Tracked,-0.1536665,0.1353615,2.090546,231.4518,183.1828
215,18,5,6,1,stand,9017,5,52299,HandRight,Tracked,-0.2059754,0.1011069,2.090692,222.2605,189.1966
215,18,5,6,1,stand,9017,5,52299,HipLeft,Tracked,-0.4604222,0.02269124,2.096284,177.5803,202.9708
215,18,5,6,1,stand,9017,5,52299,KneeLeft,Tracked,-0.4680238,-0.3492059,2.201133,180.0674,265.4316
215,18,5,6,1,stand,9017,5,52299,AnkleLeft,Tracked,-0.4696464,-0.654597,2.250949,181.3835,314.3573
215,18,5,6,1,stand,9017,5,52299,FootLeft,Tracked,-0.4912285,-0.7271889,2.180081,175.1861,330.2
215,18,5,6,1,stand,9017,5,52299,HipRight,Tracked,-0.2964171,0.01689853,2.134163,207.4064,204.0464
215,18,5,6,1,stand,9017,5,52299,KneeRight,Tracked,-0.268829,-0.3755337,2.236683,214.2069,268.7456
215,18,5,6,1,stand,9017,5,52299,AnkleRight,Tracked,-0.196909,-0.6611241,2.277856,226.5477,314.0331
215,18,5,6,1,stand,9017,5,52299,FootRight,Tracked,-0.1602968,-0.7134175,2.216543,231.744,325.7675
215,18,5,6,1,stand,9017,5,52299,SpineShoulder,Tracked,-0.4045519,0.5503782,2.06415,186.0905,108.5274
215,18,5,6,1,stand,9017,5,52299,HandTipLeft,Tracked,-1.033382,0.4346287,1.635095,28.7558,110.3534
215,18,5,6,1,stand,9017,5,52299,ThumbLeft,Tracked,-0.9644747,0.4407088,1.6236,41.63339,107.888
215,18,5,6,1,stand,9017,5,52299,HandTipRight,Tracked,-0.2276537,0.04652721,2.087839,218.397,198.772
215,18,5,6,1,stand,9017,5,52299,ThumbRight,Tracked,-0.253442,0.1388856,2.068877,213.4279,182.2895
215,18,5,6,1,stand,9018,5,52332,SpineBase,Tracked,-0.3851289,0.02102976,2.14913,192.5344,203.3571
215,18,5,6,1,stand,9018,5,52332,SpineMid,Tracked,-0.3969595,0.3279067,2.10415,188.9408,149.5466
215,18,5,6,1,stand,9018,5,52332,Neck,Tracked,-0.4074968,0.6236763,2.048943,184.9829,94.5299
215,18,5,6,1,stand,9018,5,52332,Head,Tracked,-0.4034631,0.7559572,2.030808,185.0324,69.41476
215,18,5,6,1,stand,9018,5,52332,ShoulderLeft,Tracked,-0.5792061,0.5404966,2.030665,153.0604,108.6193
215,18,5,6,1,stand,9018,5,52332,ElbowLeft,Tracked,-0.7670906,0.5529321,1.92906,111.6469,101.1451
215,18,5,6,1,stand,9018,5,52332,WristLeft,Tracked,-0.9176142,0.5459287,1.774021,68.66237,94.04906
215,18,5,6,1,stand,9018,5,52332,HandLeft,Tracked,-0.986613,0.5468461,1.695362,46.3663,89.41077
215,18,5,6,1,stand,9018,5,52332,ShoulderRight,Tracked,-0.2224452,0.5397815,2.091908,219.2318,111.8147
215,18,5,6,1,stand,9018,5,52332,ElbowRight,Tracked,-0.1146469,0.3369457,2.15309,238.8634,149.4215
215,18,5,6,1,stand,9018,5,52332,WristRight,Tracked,-0.1538612,0.13563,2.090055,231.4112,183.13
215,18,5,6,1,stand,9018,5,52332,HandRight,Tracked,-0.2058429,0.1002559,2.092444,222.3142,189.3609
215,18,5,6,1,stand,9018,5,52332,HipLeft,Tracked,-0.4611244,0.02392002,2.09592,177.442,202.7542
215,18,5,6,1,stand,9018,5,52332,KneeLeft,Tracked,-0.4683016,-0.3487667,2.200983,180.0155,265.362
215,18,5,6,1,stand,9018,5,52332,AnkleLeft,Tracked,-0.4696422,-0.654586,2.250996,181.3858,314.3532
215,18,5,6,1,stand,9018,5,52332,FootLeft,Tracked,-0.4914272,-0.7273448,2.180723,175.1769,330.1901
215,18,5,6,1,stand,9018,5,52332,HipRight,Tracked,-0.2969378,0.01741829,2.133575,207.3024,203.9561
215,18,5,6,1,stand,9018,5,52332,KneeRight,Tracked,-0.2682078,-0.3752759,2.236537,214.3065,268.7068
215,18,5,6,1,stand,9018,5,52332,AnkleRight,Tracked,-0.1968929,-0.6612754,2.277771,226.5491,314.0618
215,18,5,6,1,stand,9018,5,52332,FootRight,Tracked,-0.1605285,-0.7133903,2.215805,231.6964,325.8029
215,18,5,6,1,stand,9018,5,52332,SpineShoulder,Tracked,-0.4052109,0.5512251,2.064555,185.9862,108.3944
215,18,5,6,1,stand,9018,5,52332,HandTipLeft,Tracked,-1.037139,0.5567986,1.633847,28.98686,83.77182
215,18,5,6,1,stand,9018,5,52332,ThumbLeft,Tracked,-0.9632151,0.5455319,1.629059,43.37416,85.15014
215,18,5,6,1,stand,9018,5,52332,HandTipRight,Tracked,-0.22419,0.04406164,2.095164,219.1457,199.2331
215,18,5,6,1,stand,9018,5,52332,ThumbRight,Tracked,-0.2532454,0.1368085,2.07268,213.5461,182.7034
215,18,5,6,1,stand,9019,5,52366,SpineBase,Tracked,-0.3854843,0.02223067,2.148745,192.4614,203.1509
215,18,5,6,1,stand,9019,5,52366,SpineMid,Tracked,-0.3976801,0.3290501,2.104094,188.8117,149.344
215,18,5,6,1,stand,9019,5,52366,Neck,Tracked,-0.4083677,0.62481,2.049067,184.8297,94.33131
215,18,5,6,1,stand,9019,5,52366,Head,Tracked,-0.4038884,0.7561238,2.030877,184.9575,69.38921
215,18,5,6,1,stand,9019,5,52366,ShoulderLeft,Tracked,-0.5781598,0.5436433,2.030741,153.2542,108.05
215,18,5,6,1,stand,9019,5,52366,ElbowLeft,Tracked,-0.7741632,0.579437,1.921454,109.7651,95.6776
215,18,5,6,1,stand,9019,5,52366,WristLeft,Tracked,-0.9169462,0.6259089,1.769423,68.76514,77.4837
215,18,5,6,1,stand,9019,5,52366,HandLeft,Tracked,-0.9864443,0.6463108,1.701104,47.92963,69.03125
215,18,5,6,1,stand,9019,5,52366,ShoulderRight,Tracked,-0.2232782,0.5401309,2.091874,219.084,111.7509
215,18,5,6,1,stand,9019,5,52366,ElbowRight,Tracked,-0.1146774,0.337211,2.152609,238.8537,149.3631
215,18,5,6,1,stand,9019,5,52366,WristRight,Tracked,-0.1536293,0.1362031,2.088236,231.4283,183.0084
215,18,5,6,1,stand,9019,5,52366,HandRight,Tracked,-0.2056221,0.1005434,2.092124,222.3475,189.3078
215,18,5,6,1,stand,9019,5,52366,HipLeft,Tracked,-0.461487,0.02541374,2.095499,177.3615,202.4909
215,18,5,6,1,stand,9019,5,52366,KneeLeft,Tracked,-0.4683087,-0.3487737,2.200994,180.0147,265.3629
215,18,5,6,1,stand,9019,5,52366,AnkleLeft,Tracked,-0.4697586,-0.6549401,2.250951,181.3649,314.4138
215,18,5,6,1,stand,9019,5,52366,FootLeft,Tracked,-0.491644,-0.7275264,2.181251,175.1603,330.191
215,18,5,6,1,stand,9019,5,52366,HipRight,Tracked,-0.2972623,0.01831846,2.133319,207.2402,203.8007
215,18,5,6,1,stand,9019,5,52366,KneeRight,Tracked,-0.2696176,-0.3748116,2.236341,214.0704,268.6361
215,18,5,6,1,stand,9019,5,52366,AnkleRight,Tracked,-0.1984477,-0.6574411,2.277953,226.3009,313.4287
215,18,5,6,1,stand,9019,5,52366,FootRight,Tracked,-0.1619733,-0.7103639,2.217699,231.4795,325.1942
215,18,5,6,1,stand,9019,5,52366,SpineShoulder,Tracked,-0.4060742,0.5523883,2.064662,185.8346,108.1902
215,18,5,6,1,stand,9019,5,52366,HandTipLeft,Tracked,-1.065868,0.6874391,1.658377,28.00734,58.3369
215,18,5,6,1,stand,9019,5,52366,ThumbLeft,Tracked,-0.9582791,0.6492222,1.627333,45.26326,62.53146
215,18,5,6,1,stand,9019,5,52366,HandTipRight,Tracked,-0.2259708,0.04528821,2.093794,218.8069,199.0128
215,18,5,6,1,stand,9019,5,52366,ThumbRight,Tracked,-0.2532635,0.1398279,2.074549,213.5827,182.1901
215,18,5,6,1,stand,9020,5,52399,SpineBase,Tracked,-0.3864252,0.02450925,2.147707,192.2675,202.7588
215,18,5,6,1,stand,9020,5,52399,SpineMid,Tracked,-0.3988763,0.3309157,2.103344,188.5753,148.995
215,18,5,6,1,stand,9020,5,52399,Neck,Tracked,-0.4095277,0.6263301,2.048407,184.5958,94.01938
215,18,5,6,1,stand,9020,5,52399,Head,Tracked,-0.4046438,0.7564396,2.030511,184.8069,69.30701
215,18,5,6,1,stand,9020,5,52399,ShoulderLeft,Tracked,-0.5775685,0.5477858,2.030373,153.3418,107.2774
215,18,5,6,1,stand,9020,5,52399,ElbowLeft,Tracked,-0.7668812,0.6304696,1.912739,110.5777,85.39531
215,18,5,6,1,stand,9020,5,52399,WristLeft,Tracked,-0.9083326,0.7034195,1.771522,71.20163,61.95732
215,18,5,6,1,stand,9020,5,52399,HandLeft,Tracked,-0.9678159,0.7373928,1.720832,54.70244,51.72552
215,18,5,6,1,stand,9020,5,52399,ShoulderRight,Tracked,-0.2254477,0.5408908,2.090472,218.674,111.5508
215,18,5,6,1,stand,9020,5,52399,ElbowRight,Tracked,-0.115948,0.3420528,2.151284,238.6234,148.4969
215,18,5,6,1,stand,9020,5,52399,WristRight,Tracked,-0.1536534,0.1405969,2.08759,231.4151,182.2277
215,18,5,6,1,stand,9020,5,52399,HandRight,Tracked,-0.2027491,0.103789,2.09285,222.8645,188.7446
215,18,5,6,1,stand,9020,5,52399,HipLeft,Tracked,-0.4623282,0.02791816,2.094486,177.1732,202.0484
215,18,5,6,1,stand,9020,5,52399,KneeLeft,Tracked,-0.4683501,-0.348298,2.200865,180.0033,265.2865
215,18,5,6,1,stand,9020,5,52399,AnkleLeft,Tracked,-0.4696345,-0.6547128,2.250919,181.3843,314.3778
215,18,5,6,1,stand,9020,5,52399,FootLeft,Tracked,-0.4920217,-0.7273935,2.182112,175.1293,330.1198
215,18,5,6,1,stand,9020,5,52399,HipRight,Tracked,-0.2982498,0.02029288,2.13239,207.047,203.459
215,18,5,6,1,stand,9020,5,52399,KneeRight,Tracked,-0.2690716,-0.3748123,2.236019,214.154,268.645
215,18,5,6,1,stand,9020,5,52399,AnkleRight,Tracked,-0.197086,-0.6600221,2.277576,226.5154,313.8668
215,18,5,6,1,stand,9020,5,52399,FootRight,Tracked,-0.1609859,-0.7125329,2.216098,231.6239,325.6434
215,18,5,6,1,stand,9020,5,52399,SpineShoulder,Tracked,-0.4072643,0.5540042,2.064006,185.5972,107.8678
215,18,5,6,1,stand,9020,5,52399,HandTipLeft,Tracked,-1.035296,0.7932904,1.678234,37.82632,37.91202
215,18,5,6,1,stand,9020,5,52399,ThumbLeft,Tracked,-0.9585744,0.7469074,1.634286,47.28638,42.42825
215,18,5,6,1,stand,9020,5,52399,HandTipRight,Tracked,-0.2222676,0.04783925,2.096102,219.5004,198.5748
215,18,5,6,1,stand,9020,5,52399,ThumbRight,Tracked,-0.2490909,0.1459704,2.08013,214.4408,181.1719
215,18,5,6,1,stand,9021,5,52431,SpineBase,Tracked,-0.3876233,0.02783234,2.147297,192.0485,202.1888
215,18,5,6,1,stand,9021,5,52431,SpineMid,Tracked,-0.3999606,0.3332286,2.102487,188.3546,148.5642
215,18,5,6,1,stand,9021,5,52431,Neck,Tracked,-0.4103645,0.6279549,2.04701,184.3933,93.64742
215,18,5,6,1,stand,9021,5,52431,Head,Tracked,-0.4056964,0.7569722,2.029968,184.5956,69.17339
215,18,5,6,1,stand,9021,5,52431,ShoulderLeft,Tracked,-0.5822321,0.5642942,2.023871,152.1474,103.9383
215,18,5,6,1,stand,9021,5,52431,ElbowLeft,Tracked,-0.778236,0.6859786,1.899709,107.5514,73.9549
215,18,5,6,1,stand,9021,5,52431,WristLeft,Tracked,-0.904547,0.7889314,1.763913,71.93828,44.29233
215,18,5,6,1,stand,9021,5,52431,HandLeft,Tracked,-0.9197018,0.7972125,1.759766,68.66986,42.4603
215,18,5,6,1,stand,9021,5,52431,ShoulderRight,Tracked,-0.2273299,0.5412935,2.089928,218.331,111.4535
215,18,5,6,1,stand,9021,5,52431,ElbowRight,Tracked,-0.116257,0.3418567,2.151019,238.5681,148.5232
215,18,5,6,1,stand,9021,5,52431,WristRight,Tracked,-0.1536477,0.1402723,2.087583,231.4161,182.2847
215,18,5,6,1,stand,9021,5,52431,HandRight,Tracked,-0.2039808,0.1027747,2.096878,222.717,188.9572
215,18,5,6,1,stand,9021,5,52431,HipLeft,Tracked,-0.4632351,0.03159967,2.094383,177.0086,201.401
215,18,5,6,1,stand,9021,5,52431,KneeLeft,Tracked,-0.468465,-0.3467537,2.200303,179.9647,265.0423
215,18,5,6,1,stand,9021,5,52431,AnkleLeft,Tracked,-0.4698062,-0.6547741,2.250893,181.3552,314.3892
215,18,5,6,1,stand,9021,5,52431,FootLeft,Tracked,-0.4916758,-0.7272794,2.181243,175.1547,330.1496
215,18,5,6,1,stand,9021,5,52431,HipRight,Tracked,-0.2997063,0.02323425,2.131793,206.7807,202.951
215,18,5,6,1,stand,9021,5,52431,KneeRight,Tracked,-0.2687231,-0.374854,2.236134,214.2137,268.6485
215,18,5,6,1,stand,9021,5,52431,AnkleRight,Tracked,-0.1963634,-0.6598057,2.277674,226.634,313.8266
215,18,5,6,1,stand,9021,5,52431,FootRight,Tracked,-0.1611662,-0.7126311,2.215854,231.5909,325.6731
215,18,5,6,1,stand,9021,5,52431,SpineShoulder,Tracked,-0.4081636,0.5557784,2.062775,185.3912,107.489
215,18,5,6,1,stand,9021,5,52431,HandTipLeft,Tracked,-0.9897101,0.8747474,1.716592,51.92406,24.42867
215,18,5,6,1,stand,9021,5,52431,ThumbLeft,Tracked,-0.9276175,0.8196837,1.6528,56.59773,28.59941
215,18,5,6,1,stand,9021,5,52431,HandTipRight,Tracked,-0.2235348,0.04766669,2.098284,219.3188,198.6137
215,18,5,6,1,stand,9021,5,52431,ThumbRight,Tracked,-0.2501027,0.1456173,2.083045,214.3237,181.2702
215,18,5,6,1,stand,9022,5,52465,SpineBase,Tracked,-0.389111,0.03140597,2.146827,191.7777,201.5754
215,18,5,6,1,stand,9022,5,52465,SpineMid,Tracked,-0.401656,0.3357244,2.101186,188.0111,148.0881
215,18,5,6,1,stand,9022,5,52465,Neck,Tracked,-0.4122239,0.6296656,2.04463,183.9696,93.2041
215,18,5,6,1,stand,9022,5,52465,Head,Tracked,-0.4069744,0.7575164,2.028776,184.3196,68.99353
215,18,5,6,1,stand,9022,5,52465,ShoulderLeft,Tracked,-0.5846665,0.5734343,2.021946,151.5994,102.1682
215,18,5,6,1,stand,9022,5,52465,ElbowLeft,Tracked,-0.748639,0.7079694,1.915436,114.4206,70.76059
215,18,5,6,1,stand,9022,5,52465,WristLeft,Tracked,-0.8643892,0.8367143,1.794398,83.00864,37.14156
215,18,5,6,1,stand,9022,5,52465,HandLeft,Tracked,-0.8741319,0.8442929,1.79391,81.14998,35.71803
215,18,5,6,1,stand,9022,5,52465,ShoulderRight,Tracked,-0.231044,0.5427594,2.088731,217.6508,111.1364
215,18,5,6,1,stand,9022,5,52465,ElbowRight,Tracked,-0.117807,0.3444158,2.151346,238.3056,148.0929
215,18,5,6,1,stand,9022,5,52465,WristRight,Tracked,-0.1530956,0.1422957,2.088437,231.524,181.9389
215,18,5,6,1,stand,9022,5,52465,HandRight,Tracked,-0.2042378,0.1046818,2.097581,222.6837,188.6292
215,18,5,6,1,stand,9022,5,52465,HipLeft,Tracked,-0.4642216,0.03516187,2.094268,176.8294,200.7743
215,18,5,6,1,stand,9022,5,52465,KneeLeft,Tracked,-0.4684698,-0.3458546,2.199629,179.9401,264.9091
215,18,5,6,1,stand,9022,5,52465,AnkleLeft,Tracked,-0.4698416,-0.654754,2.250952,181.3514,314.3831
215,18,5,6,1,stand,9022,5,52465,FootLeft,Tracked,-0.4916395,-0.7272428,2.181363,175.1654,330.1366
215,18,5,6,1,stand,9022,5,52465,HipRight,Tracked,-0.3016992,0.02674251,2.131031,206.4174,202.3446
215,18,5,6,1,stand,9022,5,52465,KneeRight,Tracked,-0.268971,-0.3738542,2.236033,214.1712,268.4863
215,18,5,6,1,stand,9022,5,52465,AnkleRight,Tracked,-0.1971753,-0.6614063,2.278177,226.509,314.064
215,18,5,6,1,stand,9022,5,52465,FootRight,Tracked,-0.15985,-0.7131926,2.216634,231.8195,325.7249
215,18,5,6,1,stand,9022,5,52465,SpineShoulder,Tracked,-0.4099748,0.5576778,2.06072,184.9917,107.0465
215,18,5,6,1,stand,9022,5,52465,HandTipLeft,Tracked,-0.9260638,0.9383612,1.754107,68.66838,14.66458
215,18,5,6,1,stand,9022,5,52465,ThumbLeft,Tracked,-0.8976221,0.8804915,1.689167,67.16544,19.33199
215,18,5,6,1,stand,9022,5,52465,HandTipRight,Tracked,-0.2222688,0.04769641,2.101802,219.606,198.6225
215,18,5,6,1,stand,9022,5,52465,ThumbRight,Tracked,-0.249759,0.146375,2.085739,214.4414,181.17
215,18,5,6,1,stand,9023,5,52498,SpineBase,Tracked,-0.3902839,0.03280174,2.146577,191.5679,201.3355
215,18,5,6,1,stand,9023,5,52498,SpineMid,Tracked,-0.4024175,0.3362705,2.100887,187.8667,147.9832
215,18,5,6,1,stand,9023,5,52498,Neck,Tracked,-0.4126318,0.6296735,2.044296,183.8836,93.18385
215,18,5,6,1,stand,9023,5,52498,Head,Tracked,-0.4087685,0.7582514,2.026774,183.9195,68.72362
215,18,5,6,1,stand,9023,5,52498,ShoulderLeft,Tracked,-0.5838842,0.5731407,2.022506,151.7721,102.251
215,18,5,6,1,stand,9023,5,52498,ElbowLeft,Tracked,-0.7367711,0.7340659,1.920572,117.1085,66.14357
215,18,5,6,1,stand,9023,5,52498,WristLeft,Tracked,-0.8320065,0.8880783,1.813354,91.36057,28.61673
215,18,5,6,1,stand,9023,5,52498,HandLeft,Tracked,-0.8290359,0.8749526,1.820582,92.42497,31.74632
215,18,5,6,1,stand,9023,5,52498,ShoulderRight,Tracked,-0.2311742,0.5430089,2.08618,217.5774,110.974
215,18,5,6,1,stand,9023,5,52498,ElbowRight,Tracked,-0.1190317,0.3442999,2.150884,238.0919,148.0998
215,18,5,6,1,stand,9023,5,52498,WristRight,Tracked,-0.1530421,0.1414557,2.089905,231.5525,182.1042
215,18,5,6,1,stand,9023,5,52498,HandRight,Tracked,-0.2049284,0.1046176,2.09942,222.5941,188.6564
215,18,5,6,1,stand,9023,5,52498,HipLeft,Tracked,-0.4655717,0.03677047,2.094184,176.5872,200.4912
215,18,5,6,1,stand,9023,5,52498,KneeLeft,Tracked,-0.4681521,-0.3454115,2.199428,179.9866,264.8399
215,18,5,6,1,stand,9023,5,52498,AnkleLeft,Tracked,-0.469864,-0.6547365,2.251003,181.3495,314.3778
215,18,5,6,1,stand,9023,5,52498,FootLeft,Tracked,-0.4917221,-0.7272324,2.181484,175.1561,330.128
215,18,5,6,1,stand,9023,5,52498,HipRight,Tracked,-0.3026631,0.02788087,2.130688,206.2422,202.1474
215,18,5,6,1,stand,9023,5,52498,KneeRight,Tracked,-0.2703087,-0.373113,2.235925,213.9488,268.3674
215,18,5,6,1,stand,9023,5,52498,AnkleRight,Tracked,-0.1968597,-0.6635908,2.276894,226.5414,314.4809
215,18,5,6,1,stand,9023,5,52498,FootRight,Tracked,-0.1585348,-0.7151571,2.216183,232.0328,326.0781
215,18,5,6,1,stand,9023,5,52498,SpineShoulder,Tracked,-0.4104517,0.5577953,2.060402,184.8946,107.0096
215,18,5,6,1,stand,9023,5,52498,HandTipLeft,Tracked,-0.8713642,0.9660691,1.784398,82.18668,11.54668
215,18,5,6,1,stand,9023,5,52498,ThumbLeft,Tracked,-0.8461885,0.9168191,1.745688,83.05811,16.93538
215,18,5,6,1,stand,9023,5,52498,HandTipRight,Tracked,-0.2231345,0.04728725,2.103166,219.4798,198.6993
215,18,5,6,1,stand,9023,5,52498,ThumbRight,Tracked,-0.2505027,0.1452536,2.084834,214.2911,181.3564
215,18,5,6,1,stand,9024,5,52532,SpineBase,Tracked,-0.3922059,0.03578447,2.147005,191.2504,200.8255
215,18,5,6,1,stand,9024,5,52532,SpineMid,Tracked,-0.403173,0.3369421,2.100747,187.7285,147.8607
215,18,5,6,1,stand,9024,5,52532,Neck,Tracked,-0.4129048,0.6294205,2.043888,183.8194,93.20676
215,18,5,6,1,stand,9024,5,52532,Head,Tracked,-0.4108739,0.7595319,2.02532,183.4822,68.39127
215,18,5,6,1,stand,9024,5,52532,ShoulderLeft,Tracked,-0.5837496,0.5779533,2.022544,151.7981,101.3732
215,18,5,6,1,stand,9024,5,52532,ElbowLeft,Tracked,-0.7261392,0.7732257,1.927231,119.6957,59.215
215,18,5,6,1,stand,9024,5,52532,WristLeft,Tracked,-0.7665327,0.8509634,1.876384,108.67,40.68965
215,18,5,6,1,stand,9024,5,52532,HandLeft,Tracked,-0.7953059,0.9012424,1.846978,101.2395,28.81631
215,18,5,6,1,stand,9024,5,52532,ShoulderRight,Tracked,-0.2311945,0.5430242,2.084983,217.5502,110.9157
215,18,5,6,1,stand,9024,5,52532,ElbowRight,Tracked,-0.1202579,0.3449871,2.151133,237.8844,147.9885
215,18,5,6,1,stand,9024,5,52532,WristRight,Tracked,-0.153901,0.141445,2.092716,231.4378,182.1394
215,18,5,6,1,stand,9024,5,52532,HandRight,Tracked,-0.2064702,0.1043641,2.101432,222.3587,188.718
215,18,5,6,1,stand,9024,5,52532,HipLeft,Tracked,-0.4668937,0.04019814,2.094672,176.3724,199.8901
215,18,5,6,1,stand,9024,5,52532,KneeLeft,Tracked,-0.4683452,-0.344842,2.198985,179.9385,264.756
215,18,5,6,1,stand,9024,5,52532,AnkleLeft,Tracked,-0.4700778,-0.6555169,2.250676,181.3027,314.522
215,18,5,6,1,stand,9024,5,52532,FootLeft,Tracked,-0.4912193,-0.727141,2.180706,175.2115,330.1565
215,18,5,6,1,stand,9024,5,52532,HipRight,Tracked,-0.3051788,0.03041589,2.131127,205.8178,201.7112
215,18,5,6,1,stand,9024,5,52532,KneeRight,Tracked,-0.2705111,-0.3728343,2.236047,213.918,268.3181
215,18,5,6,1,stand,9024,5,52532,AnkleRight,Tracked,-0.1982145,-0.6643032,2.275629,226.3036,314.6577
215,18,5,6,1,stand,9024,5,52532,FootRight,Tracked,-0.1581917,-0.7155232,2.216397,232.0924,326.1278
215,18,5,6,1,stand,9024,5,52532,SpineShoulder,Tracked,-0.4107625,0.5577444,2.060113,184.8284,107.0045
215,18,5,6,1,stand,9024,5,52532,HandTipLeft,Tracked,-0.8462682,0.9865682,1.811523,89.49449,10.00183
215,18,5,6,1,stand,9024,5,52532,ThumbLeft,Tracked,-0.8033904,0.9480333,1.755333,92.66319,11.33292
215,18,5,6,1,stand,9024,5,52532,HandTipRight,Tracked,-0.2253199,0.04760838,2.104164,219.1163,198.6471
215,18,5,6,1,stand,9024,5,52532,ThumbRight,Tracked,-0.250044,0.146083,2.09125,214.5076,181.2894
215,18,5,6,1,stand,9025,5,52598,SpineBase,Tracked,-0.3944747,0.03890354,2.145679,190.8178,200.2868
215,18,5,6,1,stand,9025,5,52598,SpineMid,Tracked,-0.4041893,0.3378515,2.099846,187.5185,147.6747
215,18,5,6,1,stand,9025,5,52598,Neck,Tracked,-0.4131576,0.6290244,2.043076,183.744,93.23312
215,18,5,6,1,stand,9025,5,52598,Head,Tracked,-0.4118117,0.7609125,2.023946,183.2603,68.04561
215,18,5,6,1,stand,9025,5,52598,ShoulderLeft,Tracked,-0.5829885,0.5869042,2.022352,151.9262,99.72697
215,18,5,6,1,stand,9025,5,52598,ElbowLeft,Tracked,-0.6936074,0.7950433,1.941257,126.8196,56.08719
215,18,5,6,1,stand,9025,5,52598,WristLeft,Tracked,-0.7555212,0.9721207,1.847315,109.4194,15.21323
215,18,5,6,1,stand,9025,5,52598,HandLeft,Tracked,-0.7620064,0.9790553,1.849878,108.4304,14.21809
215,18,5,6,1,stand,9025,5,52598,ShoulderRight,Tracked,-0.2314383,0.5434875,2.083459,217.4767,110.7624
215,18,5,6,1,stand,9025,5,52598,ElbowRight,Tracked,-0.1261115,0.3591007,2.150707,236.8759,145.5535
215,18,5,6,1,stand,9025,5,52598,WristRight,Tracked,-0.152259,0.1535426,2.095924,231.7654,180.0567
215,18,5,6,1,stand,9025,5,52598,HandRight,Tracked,-0.2039068,0.1147385,2.096772,222.7265,186.86
215,18,5,6,1,stand,9025,5,52598,HipLeft,Tracked,-0.4684593,0.04328936,2.093557,176.0512,199.3425
215,18,5,6,1,stand,9025,5,52598,KneeLeft,Tracked,-0.4699985,-0.3419937,2.195616,179.54,264.3669
215,18,5,6,1,stand,9025,5,52598,AnkleLeft,Tracked,-0.4693701,-0.6558637,2.250401,181.4095,314.5921
215,18,5,6,1,stand,9025,5,52598,FootLeft,Tracked,-0.4905014,-0.7267414,2.178979,175.2673,330.1863
215,18,5,6,1,stand,9025,5,52598,HipRight,Tracked,-0.3081205,0.03341106,2.129616,205.271,201.1905
215,18,5,6,1,stand,9025,5,52598,KneeRight,Tracked,-0.2755159,-0.3729902,2.234581,213.0628,268.3864
215,18,5,6,1,stand,9025,5,52598,AnkleRight,Tracked,-0.1972232,-0.6655544,2.27505,226.4558,314.8892
215,18,5,6,1,stand,9025,5,52598,FootRight,Tracked,-0.1574368,-0.7168198,2.21566,232.2091,326.3848
215,18,5,6,1,stand,9025,5,52598,SpineShoulder,Tracked,-0.4111483,0.5576399,2.059369,184.7324,106.9868
215,18,5,6,1,stand,9025,5,52598,HandTipLeft,Tracked,-0.7655175,1.006309,1.851692,108.1357,9.3741
215,18,5,6,1,stand,9025,5,52598,ThumbLeft,Tracked,-0.7522718,0.9425818,1.7996,106.1986,16.20085
215,18,5,6,1,stand,9025,5,52598,HandTipRight,Tracked,-0.2174418,0.06090362,2.097266,220.3675,196.2921
215,18,5,6,1,stand,9025,5,52598,ThumbRight,Tracked,-0.2509975,0.1561458,2.087956,214.2676,179.4763
215,18,5,6,1,stand,9026,5,52632,SpineBase,Tracked,-0.3971025,0.04345905,2.143903,190.3082,199.4995
215,18,5,6,1,stand,9026,5,52632,SpineMid,Tracked,-0.405165,0.3392211,2.098944,187.3151,147.4074
215,18,5,6,1,stand,9026,5,52632,Neck,Tracked,-0.4131786,0.6287817,2.042675,183.7255,93.25471
215,18,5,6,1,stand,9026,5,52632,Head,Tracked,-0.4122939,0.7616029,2.023325,183.1494,67.8772
215,18,5,6,1,stand,9026,5,52632,ShoulderLeft,Tracked,-0.582618,0.6037853,2.021929,151.9706,96.61867
215,18,5,6,1,stand,9026,5,52632,ElbowLeft,Tracked,-0.6913125,0.7976987,1.942728,127.3534,55.69669
215,18,5,6,1,stand,9026,5,52632,WristLeft,Tracked,-0.7537559,0.974281,1.848148,109.8354,14.87471
215,18,5,6,1,stand,9026,5,52632,HandLeft,Tracked,-0.7532355,0.9898698,1.860256,110.9454,13.12529
215,18,5,6,1,stand,9026,5,52632,ShoulderRight,Tracked,-0.2313539,0.543906,2.083144,217.4852,110.6733
215,18,5,6,1,stand,9026,5,52632,ElbowRight,Tracked,-0.1267801,0.3545233,2.150621,236.7617,146.3365
215,18,5,6,1,stand,9026,5,52632,WristRight,Tracked,-0.152934,0.1491871,2.094932,231.6349,180.8078
215,18,5,6,1,stand,9026,5,52632,HandRight,Tracked,-0.205451,0.1122166,2.095757,222.4386,187.2922
215,18,5,6,1,stand,9026,5,52632,HipLeft,Tracked,-0.4709525,0.04892308,2.091777,175.5387,198.3439
215,18,5,6,1,stand,9026,5,52632,KneeLeft,Tracked,-0.4713923,-0.3394171,2.193586,179.2327,263.9872
215,18,5,6,1,stand,9026,5,52632,AnkleLeft,Tracked,-0.4692173,-0.6557902,2.250536,181.4393,314.5734
215,18,5,6,1,stand,9026,5,52632,FootLeft,Tracked,-0.4912834,-0.7268,2.180593,175.1964,330.105
215,18,5,6,1,stand,9026,5,52632,HipRight,Tracked,-0.3107114,0.03683351,2.127907,204.7791,200.5946
215,18,5,6,1,stand,9026,5,52632,KneeRight,Tracked,-0.2757571,-0.3726767,2.234273,213.0168,268.3432
215,18,5,6,1,stand,9026,5,52632,AnkleRight,Tracked,-0.1961337,-0.6669763,2.27493,226.6304,315.1266
215,18,5,6,1,stand,9026,5,52632,FootRight,Tracked,-0.1566885,-0.7183191,2.215321,232.3295,326.6544
215,18,5,6,1,stand,9026,5,52632,SpineShoulder,Tracked,-0.4113024,0.5576413,2.058958,184.6899,106.9664
215,18,5,6,1,stand,9026,5,52632,HandTipLeft,Tracked,-0.7617066,1.04291,1.83534,108.0153,0.9985199
215,18,5,6,1,stand,9026,5,52632,ThumbLeft,Tracked,-0.7423109,0.9757435,1.81175,109.3528,10.98602
215,18,5,6,1,stand,9026,5,52632,HandTipRight,Tracked,-0.2251591,0.05676323,2.096367,218.9973,197.0123
215,18,5,6,1,stand,9026,5,52632,ThumbRight,Tracked,-0.2508277,0.151798,2.092696,214.3988,180.3028
215,18,5,6,1,stand,9027,5,52666,SpineBase,Tracked,-0.3992305,0.04511973,2.142392,189.8928,199.2089
215,18,5,6,1,stand,9027,5,52666,SpineMid,Tracked,-0.405784,0.3398231,2.098239,187.1816,147.2809
215,18,5,6,1,stand,9027,5,52666,Neck,Tracked,-0.4128863,0.628468,2.042339,183.7662,93.29295
215,18,5,6,1,stand,9027,5,52666,Head,Tracked,-0.4119799,0.761976,2.023098,183.1983,67.79352
215,18,5,6,1,stand,9027,5,52666,ShoulderLeft,Tracked,-0.5819703,0.6053969,2.021969,152.0911,96.32633
215,18,5,6,1,stand,9027,5,52666,ElbowLeft,Tracked,-0.6887994,0.7989621,1.9442,127.9235,55.56573
215,18,5,6,1,stand,9027,5,52666,WristLeft,Tracked,-0.7524968,0.9749365,1.849309,110.1661,14.85239
215,18,5,6,1,stand,9027,5,52666,HandLeft,Tracked,-0.7528462,0.9921789,1.860284,111.0403,12.69766
215,18,5,6,1,stand,9027,5,52666,ShoulderRight,Tracked,-0.2313063,0.5438676,2.082254,217.476,110.6387
215,18,5,6,1,stand,9027,5,52666,ElbowRight,Tracked,-0.1263095,0.3533002,2.149498,236.8312,146.5148
215,18,5,6,1,stand,9027,5,52666,WristRight,Tracked,-0.1537771,0.1479164,2.09483,231.4859,181.0294
215,18,5,6,1,stand,9027,5,52666,HandRight,Tracked,-0.2043739,0.1110693,2.09084,222.5434,187.4476
215,18,5,6,1,stand,9027,5,52666,HipLeft,Tracked,-0.4730191,0.05092772,2.090346,175.1152,197.9846
215,18,5,6,1,stand,9027,5,52666,KneeLeft,Tracked,-0.4718622,-0.3382246,2.192576,179.1172,263.813
215,18,5,6,1,stand,9027,5,52666,AnkleLeft,Tracked,-0.4693876,-0.6558778,2.250532,181.4111,314.5881
215,18,5,6,1,stand,9027,5,52666,FootLeft,Tracked,-0.4904797,-0.7264263,2.179439,175.2886,330.1068
215,18,5,6,1,stand,9027,5,52666,HipRight,Tracked,-0.3128082,0.0380614,2.126349,204.3761,200.3775
215,18,5,6,1,stand,9027,5,52666,KneeRight,Tracked,-0.2751523,-0.3715973,2.233468,213.1006,268.1868
215,18,5,6,1,stand,9027,5,52666,AnkleRight,Tracked,-0.196779,-0.6655015,2.275197,226.53,314.8734
215,18,5,6,1,stand,9027,5,52666,FootRight,Tracked,-0.1574203,-0.7169266,2.215591,232.211,326.4065
215,18,5,6,1,stand,9027,5,52666,SpineShoulder,Tracked,-0.4112421,0.5575631,2.058645,184.6895,106.9652
215,18,5,6,1,stand,9027,5,52666,HandTipLeft,Tracked,-0.7594151,1.044996,1.845091,109.1791,1.565308
215,18,5,6,1,stand,9027,5,52666,ThumbLeft,Tracked,-0.7214406,0.979005,1.821429,114.1414,11.14114
215,18,5,6,1,stand,9027,5,52666,HandTipRight,Tracked,-0.2242627,0.05480279,2.08962,219.0276,197.3248
215,18,5,6,1,stand,9027,5,52666,ThumbRight,Tracked,-0.2464855,0.154864,2.104348,215.4024,179.916
215,18,5,6,1,stand,9028,5,52733,SpineBase,Tracked,-0.4004342,0.04590406,2.141739,189.664,199.0717
215,18,5,6,1,stand,9028,5,52733,SpineMid,Tracked,-0.4062322,0.3402709,2.097898,187.0906,147.192
215,18,5,6,1,stand,9028,5,52733,Neck,Tracked,-0.4127367,0.6283768,2.042249,183.7901,93.30453
215,18,5,6,1,stand,9028,5,52733,Head,Tracked,-0.4088975,0.7632766,2.0226,183.7429,67.52165
215,18,5,6,1,stand,9028,5,52733,ShoulderLeft,Tracked,-0.5812652,0.6061392,2.022282,152.2364,96.2078
215,18,5,6,1,stand,9028,5,52733,ElbowLeft,Tracked,-0.6887386,0.7988117,1.944228,127.9364,55.59572
215,18,5,6,1,stand,9028,5,52733,WristLeft,Tracked,-0.7192711,0.8771327,1.892453,118.9628,36.86742
215,18,5,6,1,stand,9028,5,52733,HandLeft,Tracked,-0.7486482,0.9282123,1.862313,111.5048,24.77852
215,18,5,6,1,stand,9028,5,52733,ShoulderRight,Tracked,-0.2309828,0.543842,2.081874,217.5259,110.6257
215,18,5,6,1,stand,9028,5,52733,ElbowRight,Tracked,-0.1270379,0.3461361,2.145088,236.6633,147.6225
215,18,5,6,1,stand,9028,5,52733,WristRight,Tracked,-0.1559873,0.1407636,2.091441,231.0549,182.2437
215,18,5,6,1,stand,9028,5,52733,HandRight,Tracked,-0.2074117,0.1042828,2.084353,221.8964,188.5825
215,18,5,6,1,stand,9028,5,52733,HipLeft,Tracked,-0.4740866,0.05195419,2.08984,174.9055,197.8015
215,18,5,6,1,stand,9028,5,52733,KneeLeft,Tracked,-0.4720961,-0.3381256,2.192359,179.0699,263.8021
215,18,5,6,1,stand,9028,5,52733,AnkleLeft,Tracked,-0.4689159,-0.6569077,2.250821,181.4982,314.7436
215,18,5,6,1,stand,9028,5,52733,FootLeft,Tracked,-0.4908226,-0.7269428,2.17997,175.2507,330.1644
215,18,5,6,1,stand,9028,5,52733,HipRight,Tracked,-0.3141369,0.03856217,2.12554,204.1249,200.2883
215,18,5,6,1,stand,9028,5,52733,KneeRight,Tracked,-0.2753963,-0.3717159,2.233089,213.0526,268.2169
215,18,5,6,1,stand,9028,5,52733,AnkleRight,Tracked,-0.1966711,-0.6654603,2.275258,226.5483,314.8638
215,18,5,6,1,stand,9028,5,52733,FootRight,Tracked,-0.1574856,-0.7169455,2.215555,232.1997,326.4116
215,18,5,6,1,stand,9028,5,52733,SpineShoulder,Tracked,-0.411218,0.5575685,2.05855,184.6904,106.9596
215,18,5,6,1,stand,9028,5,52733,HandTipLeft,Tracked,-0.7653661,1.011455,1.806777,104.8642,4.001083
215,18,5,6,1,stand,9028,5,52733,ThumbLeft,Tracked,-0.7308314,0.9361113,1.814556,111.4675,18.70132
215,18,5,6,1,stand,9028,5,52733,HandTipRight,Tracked,-0.2244037,0.04990438,2.08673,218.9485,198.1735
215,18,5,6,1,stand,9028,5,52733,ThumbRight,Tracked,-0.2531715,0.146058,2.088752,213.9035,181.2623
215,18,5,6,1,stand,9029,5,52765,SpineBase,Tracked,-0.4007639,0.04600691,2.141661,189.6046,199.0537
215,18,5,6,1,stand,9029,5,52765,SpineMid,Tracked,-0.4063187,0.3404301,2.097839,187.0733,147.1622
215,18,5,6,1,stand,9029,5,52765,Neck,Tracked,-0.4123585,0.6283444,2.042217,183.8574,93.30878
215,18,5,6,1,stand,9029,5,52765,Head,Tracked,-0.4060669,0.7634565,2.022276,184.2479,67.46616
215,18,5,6,1,stand,9029,5,52765,ShoulderLeft,Tracked,-0.5807356,0.6065148,2.022622,152.351,96.15782
215,18,5,6,1,stand,9029,5,52765,ElbowLeft,Tracked,-0.6905885,0.7968455,1.943649,127.547,55.92345
215,18,5,6,1,stand,9029,5,52765,WristLeft,Tracked,-0.726608,0.8746845,1.890048,117.3876,37.15866
215,18,5,6,1,stand,9029,5,52765,HandLeft,Tracked,-0.7650916,0.9228387,1.857938,108.0065,25.50624
215,18,5,6,1,stand,9029,5,52765,ShoulderRight,Tracked,-0.2305634,0.5439726,2.081188,217.5867,110.5707
215,18,5,6,1,stand,9029,5,52765,ElbowRight,Tracked,-0.1261748,0.3439293,2.143587,236.7966,147.9609
215,18,5,6,1,stand,9029,5,52765,WristRight,Tracked,-0.1567156,0.138822,2.089837,230.906,182.5659
215,18,5,6,1,stand,9029,5,52765,HandRight,Tracked,-0.2076469,0.1038306,2.082502,221.8223,188.6459
215,18,5,6,1,stand,9029,5,52765,HipLeft,Tracked,-0.4745054,0.05216766,2.089956,174.836,197.7643
215,18,5,6,1,stand,9029,5,52765,KneeLeft,Tracked,-0.4726378,-0.3379735,2.192086,178.9685,263.7839
215,18,5,6,1,stand,9029,5,52765,AnkleLeft,Tracked,-0.4686736,-0.6573411,2.250985,181.5434,314.807
215,18,5,6,1,stand,9029,5,52765,FootLeft,Tracked,-0.4909802,-0.7270116,2.180614,175.2486,330.1397
215,18,5,6,1,stand,9029,5,52765,HipRight,Tracked,-0.3144556,0.03857146,2.125268,204.0627,200.2859
215,18,5,6,1,stand,9029,5,52765,KneeRight,Tracked,-0.2759597,-0.3712179,2.232273,212.943,268.1573
215,18,5,6,1,stand,9029,5,52765,AnkleRight,Tracked,-0.1961441,-0.6663894,2.274837,226.6276,315.0353
215,18,5,6,1,stand,9029,5,52765,FootRight,Tracked,-0.1575169,-0.7174299,2.213509,232.17,326.604
215,18,5,6,1,stand,9029,5,52765,SpineShoulder,Tracked,-0.4110733,0.5576068,2.058499,184.7145,106.9502
215,18,5,6,1,stand,9029,5,52765,HandTipLeft,Tracked,-0.8049453,1.024442,1.820191,98.46329,3.356323
215,18,5,6,1,stand,9029,5,52765,ThumbLeft,Tracked,-0.7731863,0.9361132,1.766572,99.41573,14.4222
215,18,5,6,1,stand,9029,5,52765,HandTipRight,Tracked,-0.22881,0.04947761,2.082658,218.0927,198.2312
215,18,5,6,1,stand,9029,5,52765,ThumbRight,Tracked,-0.2548241,0.1459119,2.08636,213.5606,181.2582
215,18,5,6,1,stand,9030,5,52832,SpineBase,Tracked,-0.4010689,0.04607404,2.141937,189.5609,199.0431
215,18,5,6,1,stand,9030,5,52832,SpineMid,Tracked,-0.4056656,0.3407633,2.097737,187.1848,147.101
215,18,5,6,1,stand,9030,5,52832,Neck,Tracked,-0.4064393,0.6285876,2.040766,184.8769,93.18575
215,18,5,6,1,stand,9030,5,52832,Head,Tracked,-0.4009681,0.7627705,2.021661,185.1569,67.54855
215,18,5,6,1,stand,9030,5,52832,ShoulderLeft,Tracked,-0.5801134,0.6063046,2.022988,152.4838,96.21628
215,18,5,6,1,stand,9030,5,52832,ElbowLeft,Tracked,-0.7152805,0.7679958,1.938616,122.5069,61.00497
215,18,5,6,1,stand,9030,5,52832,WristLeft,Tracked,-0.8205239,0.911985,1.826556,94.86903,25.15254
215,18,5,6,1,stand,9030,5,52832,HandLeft,Tracked,-0.8115705,0.8979698,1.837006,97.31155,28.67415
215,18,5,6,1,stand,9030,5,52832,ShoulderRight,Tracked,-0.2296805,0.542509,2.081321,217.7465,110.8381
215,18,5,6,1,stand,9030,5,52832,ElbowRight,Tracked,-0.1243121,0.3395821,2.139888,237.0802,148.6085
215,18,5,6,1,stand,9030,5,52832,WristRight,Tracked,-0.1583131,0.1348924,2.086851,230.5857,183.2226
215,18,5,6,1,stand,9030,5,52832,HandRight,Tracked,-0.2086059,0.09968626,2.082104,221.6465,189.3735
215,18,5,6,1,stand,9030,5,52832,HipLeft,Tracked,-0.4748672,0.05238953,2.09075,174.8038,197.7287
215,18,5,6,1,stand,9030,5,52832,KneeLeft,Tracked,-0.4729328,-0.3379177,2.192068,178.9181,263.7751
215,18,5,6,1,stand,9030,5,52832,AnkleLeft,Tracked,-0.4686815,-0.6577134,2.25094,181.5405,314.8704
215,18,5,6,1,stand,9030,5,52832,FootLeft,Tracked,-0.4912497,-0.7271957,2.180889,175.2134,330.1554
215,18,5,6,1,stand,9030,5,52832,HipRight,Tracked,-0.3147351,0.0385436,2.125286,204.0146,200.2907
215,18,5,6,1,stand,9030,5,52832,KneeRight,Tracked,-0.2758433,-0.3700797,2.231853,212.9541,267.9805
215,18,5,6,1,stand,9030,5,52832,AnkleRight,Tracked,-0.1959833,-0.667192,2.275034,226.6563,315.1568
215,18,5,6,1,stand,9030,5,52832,FootRight,Tracked,-0.1572578,-0.7176141,2.212595,232.2023,326.6846
215,18,5,6,1,stand,9030,5,52832,SpineShoulder,Tracked,-0.4070758,0.5580397,2.05743,185.3946,106.8221
215,18,5,6,1,stand,9030,5,52832,HandTipLeft,Tracked,-0.84436,0.983548,1.797422,88.65681,9.185257
215,18,5,6,1,stand,9030,5,52832,ThumbLeft,Tracked,-0.8157059,0.9158778,1.754,89.76636,17.56882
215,18,5,6,1,stand,9030,5,52832,HandTipRight,Tracked,-0.2302758,0.04516336,2.087877,217.9358,199.0119
215,18,5,6,1,stand,9030,5,52832,ThumbRight,Tracked,-0.2536115,0.1407381,2.084692,213.74,182.1504
215,18,5,6,1,stand,9031,5,52868,SpineBase,Tracked,-0.4014865,0.04578925,2.142774,189.5159,199.0951
215,18,5,6,1,stand,9031,5,52868,SpineMid,Tracked,-0.4056631,0.3408105,2.097957,187.1927,147.099
215,18,5,6,1,stand,9031,5,52868,Neck,Tracked,-0.4063463,0.6285694,2.04088,184.8979,93.19547
215,18,5,6,1,stand,9031,5,52868,Head,Tracked,-0.397732,0.7618734,2.021458,185.7409,67.69814
215,18,5,6,1,stand,9031,5,52868,ShoulderLeft,Tracked,-0.5794337,0.605759,2.023351,152.627,96.33584
215,18,5,6,1,stand,9031,5,52868,ElbowLeft,Tracked,-0.7229365,0.7512671,1.941161,121.2026,64.3407
215,18,5,6,1,stand,9031,5,52868,WristLeft,Tracked,-0.841771,0.882089,1.826224,90.51547,30.98866
215,18,5,6,1,stand,9031,5,52868,HandLeft,Tracked,-0.834594,0.867402,1.837863,92.73833,34.74077
215,18,5,6,1,stand,9031,5,52868,ShoulderRight,Tracked,-0.2285711,0.5418511,2.081735,217.9517,110.9751
215,18,5,6,1,stand,9031,5,52868,ElbowRight,Tracked,-0.1235783,0.3393447,2.139478,237.2023,148.6384
215,18,5,6,1,stand,9031,5,52868,WristRight,Tracked,-0.1579606,0.1347195,2.086443,230.6424,183.2485
215,18,5,6,1,stand,9031,5,52868,HandRight,Tracked,-0.2085728,0.09876684,2.085881,221.7192,189.5673
215,18,5,6,1,stand,9031,5,52868,HipLeft,Tracked,-0.4752704,0.05226967,2.091717,174.7713,197.7541
215,18,5,6,1,stand,9031,5,52868,KneeLeft,Tracked,-0.473325,-0.3378784,2.192227,178.8576,263.7646
215,18,5,6,1,stand,9031,5,52868,AnkleLeft,Tracked,-0.4686141,-0.6576391,2.251196,181.5604,314.8458
215,18,5,6,1,stand,9031,5,52868,FootLeft,Tracked,-0.4912461,-0.7272744,2.18133,175.2308,330.1438
215,18,5,6,1,stand,9031,5,52868,HipRight,Tracked,-0.3151365,0.03807666,2.125986,203.963,200.3736
215,18,5,6,1,stand,9031,5,52868,KneeRight,Tracked,-0.2743426,-0.3702137,2.232493,213.215,267.9844
215,18,5,6,1,stand,9031,5,52868,AnkleRight,Tracked,-0.1955169,-0.6672865,2.274976,226.7311,315.1749
215,18,5,6,1,stand,9031,5,52868,FootRight,Tracked,-0.1571591,-0.7179927,2.212677,232.2196,326.7437
215,18,5,6,1,stand,9031,5,52868,SpineShoulder,Tracked,-0.4069887,0.5580422,2.057531,185.4139,106.8266
215,18,5,6,1,stand,9031,5,52868,HandTipLeft,Tracked,-0.880495,0.941596,1.798343,81.35368,17.58119
215,18,5,6,1,stand,9031,5,52868,ThumbLeft,Tracked,-0.8576218,0.8993872,1.746857,80.713,20.57407
215,18,5,6,1,stand,9031,5,52868,HandTipRight,Tracked,-0.2293351,0.04419236,2.090172,218.146,199.1913
215,18,5,6,1,stand,9031,5,52868,ThumbRight,Tracked,-0.254097,0.1410968,2.085265,213.6665,182.0938
215,18,5,6,1,stand,9032,5,52901,SpineBase,Tracked,-0.4013003,0.04515448,2.144113,189.5913,199.209
215,18,5,6,1,stand,9032,5,52901,SpineMid,Tracked,-0.4043711,0.3408672,2.098438,187.4368,147.1035
215,18,5,6,1,stand,9032,5,52901,Neck,Tracked,-0.4027012,0.6288283,2.040641,185.5498,93.13644
215,18,5,6,1,stand,9032,5,52901,Head,Tracked,-0.3937344,0.7598163,2.02058,186.44,68.01321
215,18,5,6,1,stand,9032,5,52901,ShoulderLeft,Tracked,-0.5789272,0.6048116,2.023853,152.7458,96.53629
215,18,5,6,1,stand,9032,5,52901,ElbowLeft,Tracked,-0.7427626,0.7241807,1.944122,117.6298,69.66862
215,18,5,6,1,stand,9032,5,52901,WristLeft,Tracked,-0.8659632,0.8459883,1.823289,85.32954,37.83882
215,18,5,6,1,stand,9032,5,52901,HandLeft,Tracked,-0.8810047,0.8571289,1.812844,81.63622,34.94391
215,18,5,6,1,stand,9032,5,52901,ShoulderRight,Tracked,-0.2253981,0.538814,2.0818,218.5169,111.5206
215,18,5,6,1,stand,9032,5,52901,ElbowRight,Tracked,-0.1214317,0.3378402,2.138857,237.5656,148.8814
215,18,5,6,1,stand,9032,5,52901,WristRight,Tracked,-0.1584774,0.1335817,2.086357,230.5504,183.4478
215,18,5,6,1,stand,9032,5,52901,HandRight,Tracked,-0.2119452,0.09830166,2.090058,221.1993,189.6835
215,18,5,6,1,stand,9032,5,52901,HipLeft,Tracked,-0.4749608,0.05165402,2.093657,174.9041,197.871
215,18,5,6,1,stand,9032,5,52901,KneeLeft,Tracked,-0.4738577,-0.3383617,2.193497,178.8139,263.8132
215,18,5,6,1,stand,9032,5,52901,AnkleLeft,Tracked,-0.4690365,-0.6581674,2.251339,181.4957,314.9261
215,18,5,6,1,stand,9032,5,52901,FootLeft,Tracked,-0.4898859,-0.7266716,2.180269,175.421,330.1014
215,18,5,6,1,stand,9032,5,52901,HipRight,Tracked,-0.3150292,0.03743328,2.126823,204.0032,200.4874
215,18,5,6,1,stand,9032,5,52901,KneeRight,Tracked,-0.275478,-0.3703553,2.233301,213.044,267.9861
215,18,5,6,1,stand,9032,5,52901,AnkleRight,Tracked,-0.1952159,-0.663186,2.277202,226.8123,314.3997
215,18,5,6,1,stand,9032,5,52901,FootRight,Tracked,-0.1594994,-0.7150591,2.214121,231.8472,326.1735
215,18,5,6,1,stand,9032,5,52901,SpineShoulder,Tracked,-0.4038872,0.558274,2.05745,185.9686,106.7826
215,18,5,6,1,stand,9032,5,52901,HandTipLeft,Tracked,-0.9188841,0.9156063,1.763352,70.57343,19.75977
215,18,5,6,1,stand,9032,5,52901,ThumbLeft,Tracked,-0.8758888,0.8514167,1.7394,75.88596,29.50266
215,18,5,6,1,stand,9032,5,52901,HandTipRight,Tracked,-0.2323965,0.04369974,2.091473,217.6326,199.2825
215,18,5,6,1,stand,9032,5,52901,ThumbRight,Tracked,-0.2591725,0.1406092,2.077084,212.5898,182.0808
215,18,5,6,1,stand,9033,5,53000,SpineBase,Tracked,-0.3997319,0.04270267,2.14759,189.9734,199.6417
215,18,5,6,1,stand,9033,5,53000,SpineMid,Tracked,-0.4014242,0.3395685,2.100342,188.0213,147.3883
215,18,5,6,1,stand,9033,5,53000,Neck,Tracked,-0.3984607,0.6275454,2.041626,186.3539,93.42626
215,18,5,6,1,stand,9033,5,53000,Head,Tracked,-0.3855728,0.7569022,2.019576,187.8971,68.47672
215,18,5,6,1,stand,9033,5,53000,ShoulderLeft,Tracked,-0.5723807,0.5949574,2.030757,154.2978,98.70626
215,18,5,6,1,stand,9033,5,53000,ElbowLeft,Tracked,-0.7742073,0.6021733,1.97094,113.4641,94.19478
215,18,5,6,1,stand,9033,5,53000,WristLeft,Tracked,-0.9184375,0.6524879,1.82179,73.75188,75.74763
215,18,5,6,1,stand,9033,5,53000,HandLeft,Tracked,-0.9657542,0.6801159,1.776408,60.31017,67.42651
215,18,5,6,1,stand,9033,5,53000,ShoulderRight,Tracked,-0.2193426,0.5359421,2.083299,219.6199,112.1037
215,18,5,6,1,stand,9033,5,53000,ElbowRight,Tracked,-0.1166368,0.3359753,2.140083,238.4021,149.2373
215,18,5,6,1,stand,9033,5,53000,WristRight,Tracked,-0.1581126,0.1324938,2.088062,230.6375,183.6585
215,18,5,6,1,stand,9033,5,53000,HandRight,Tracked,-0.2104296,0.09640838,2.095569,221.5637,190.0611
215,18,5,6,1,stand,9033,5,53000,HipLeft,Tracked,-0.4735832,0.04966449,2.097266,175.2923,198.2362
215,18,5,6,1,stand,9033,5,53000,KneeLeft,Tracked,-0.4743959,-0.3385901,2.195607,178.8,263.7969
215,18,5,6,1,stand,9033,5,53000,AnkleLeft,Tracked,-0.4690292,-0.6581952,2.251316,181.496,314.9318
215,18,5,6,1,stand,9033,5,53000,FootLeft,Tracked,-0.4895534,-0.7263715,2.179741,175.4573,330.0803
215,18,5,6,1,stand,9033,5,53000,HipRight,Tracked,-0.3132859,0.03450486,2.130078,204.3885,201.0027
215,18,5,6,1,stand,9033,5,53000,KneeRight,Tracked,-0.2757017,-0.3705796,2.233713,213.0154,268.012
215,18,5,6,1,stand,9033,5,53000,AnkleRight,Tracked,-0.1949737,-0.6635359,2.276925,226.8476,314.4698
215,18,5,6,1,stand,9033,5,53000,FootRight,Tracked,-0.1594223,-0.7153525,2.213573,231.8533,326.2524
215,18,5,6,1,stand,9033,5,53000,SpineShoulder,Tracked,-0.3998744,0.5570111,2.058582,186.7306,107.0676
215,18,5,6,1,stand,9033,5,53000,HandTipLeft,Tracked,-1.014258,0.719979,1.721972,45.59889,55.86906
215,18,5,6,1,stand,9033,5,53000,ThumbLeft,Tracked,-0.9686574,0.6998537,1.70605,52.54771,58.19917
215,18,5,6,1,stand,9033,5,53000,HandTipRight,Tracked,-0.2326031,0.0429655,2.095799,217.6807,199.427
215,18,5,6,1,stand,9033,5,53000,ThumbRight,Tracked,-0.2598386,0.1347396,2.074409,212.4135,183.0889
215,18,5,6,1,stand,9034,5,53070,SpineBase,Tracked,-0.3979684,0.03754875,2.150779,190.3788,200.5342
215,18,5,6,1,stand,9034,5,53070,SpineMid,Tracked,-0.3980539,0.3367153,2.101908,188.6687,147.9364
215,18,5,6,1,stand,9034,5,53070,Neck,Tracked,-0.393704,0.6256392,2.042068,187.2319,93.79884
215,18,5,6,1,stand,9034,5,53070,Head,Tracked,-0.3803791,0.7548538,2.019766,188.8538,68.86424
215,18,5,6,1,stand,9034,5,53070,ShoulderLeft,Tracked,-0.5666075,0.5725922,2.033881,155.5115,102.9405
215,18,5,6,1,stand,9034,5,53070,ElbowLeft,Tracked,-0.7706716,0.5222118,1.978751,114.6006,109.4896
215,18,5,6,1,stand,9034,5,53070,WristLeft,Tracked,-0.9262242,0.4899478,1.835112,72.81862,108.7673
215,18,5,6,1,stand,9034,5,53070,HandLeft,Tracked,-1.005159,0.4903919,1.75606,49.1443,104.8459
215,18,5,6,1,stand,9034,5,53070,ShoulderRight,Tracked,-0.2148273,0.5337093,2.084762,220.4476,112.5699
215,18,5,6,1,stand,9034,5,53070,ElbowRight,Tracked,-0.1133691,0.332899,2.141464,238.9769,149.8053
215,18,5,6,1,stand,9034,5,53070,WristRight,Tracked,-0.1593942,0.1308797,2.087344,230.4025,183.9344
215,18,5,6,1,stand,9034,5,53070,HandRight,Tracked,-0.2112309,0.09522692,2.094431,221.403,190.259
215,18,5,6,1,stand,9034,5,53070,HipLeft,Tracked,-0.4720953,0.04512441,2.099879,175.6592,199.0434
215,18,5,6,1,stand,9034,5,53070,KneeLeft,Tracked,-0.4743521,-0.3400174,2.197269,178.8673,263.9935
215,18,5,6,1,stand,9034,5,53070,AnkleLeft,Tracked,-0.4688979,-0.6581698,2.251272,181.5161,314.9296
215,18,5,6,1,stand,9034,5,53070,FootLeft,Tracked,-0.4903978,-0.7268907,2.180707,175.3509,330.1138
215,18,5,6,1,stand,9034,5,53070,HipRight,Tracked,-0.3112753,0.02882849,2.133795,204.8307,201.9909
215,18,5,6,1,stand,9034,5,53070,KneeRight,Tracked,-0.2750846,-0.3704555,2.234165,213.1265,267.9788
215,18,5,6,1,stand,9034,5,53070,AnkleRight,Tracked,-0.1948918,-0.6628526,2.277097,226.8635,314.3503
215,18,5,6,1,stand,9034,5,53070,FootRight,Tracked,-0.1596746,-0.7149074,2.213844,231.8146,326.1631
215,18,5,6,1,stand,9034,5,53070,SpineShoulder,Tracked,-0.3954115,0.5548943,2.059227,187.5561,107.4826
215,18,5,6,1,stand,9034,5,53070,HandTipLeft,Tracked,-1.038219,0.4883526,1.663122,31.70799,100.3068
215,18,5,6,1,stand,9034,5,53070,ThumbLeft,Tracked,-0.9691114,0.4940842,1.705133,50.64766,101.0168
215,18,5,6,1,stand,9034,5,53070,HandTipRight,Tracked,-0.2314049,0.04085865,2.096287,217.9007,199.7979
215,18,5,6,1,stand,9034,5,53070,ThumbRight,Tracked,-0.2593801,0.1341081,2.071913,212.4395,183.1722
215,18,5,6,1,stand,9035,5,53104,SpineBase,Tracked,-0.3971017,0.03372026,2.152945,190.5966,201.1948
215,18,5,6,1,stand,9035,5,53104,SpineMid,Tracked,-0.3967915,0.3352612,2.10325,188.9363,148.2304
215,18,5,6,1,stand,9035,5,53104,Neck,Tracked,-0.3925906,0.6254512,2.042861,187.4614,93.87762
215,18,5,6,1,stand,9035,5,53104,Head,Tracked,-0.3786404,0.7542894,2.020206,189.1869,68.99754
215,18,5,6,1,stand,9035,5,53104,ShoulderLeft,Tracked,-0.5667121,0.562452,2.034573,155.5299,104.8197
215,18,5,6,1,stand,9035,5,53104,ElbowLeft,Tracked,-0.765722,0.4703934,1.991671,116.4104,119.7054
215,18,5,6,1,stand,9035,5,53104,WristLeft,Tracked,-0.9193952,0.4083741,1.855967,75.94238,125.8947
215,18,5,6,1,stand,9035,5,53104,HandLeft,Tracked,-0.9847233,0.3862284,1.789539,56.36856,127.6994
215,18,5,6,1,stand,9035,5,53104,ShoulderRight,Tracked,-0.2131636,0.5324469,2.084996,220.7469,112.8059
215,18,5,6,1,stand,9035,5,53104,ElbowRight,Tracked,-0.1121583,0.3305693,2.143855,239.2069,150.2704
215,18,5,6,1,stand,9035,5,53104,WristRight,Tracked,-0.1584411,0.1290707,2.087747,230.576,184.2573
215,18,5,6,1,stand,9035,5,53104,HandRight,Tracked,-0.2118634,0.0936442,2.096806,221.3343,190.5551
215,18,5,6,1,stand,9035,5,53104,HipLeft,Tracked,-0.4715157,0.0409767,2.101855,175.8401,199.7775
215,18,5,6,1,stand,9035,5,53104,KneeLeft,Tracked,-0.4743126,-0.3408707,2.199501,178.9548,264.0786
215,18,5,6,1,stand,9035,5,53104,AnkleLeft,Tracked,-0.4691507,-0.6582845,2.25136,181.4775,314.9444
215,18,5,6,1,stand,9035,5,53104,FootLeft,Tracked,-0.4900345,-0.7267948,2.180128,175.3904,330.1302
215,18,5,6,1,stand,9035,5,53104,HipRight,Tracked,-0.3101588,0.02539487,2.13609,205.0813,202.587
215,18,5,6,1,stand,9035,5,53104,KneeRight,Tracked,-0.274558,-0.371763,2.235575,213.2416,268.1559
215,18,5,6,1,stand,9035,5,53104,AnkleRight,Tracked,-0.2063749,-0.6533827,2.277804,225.0154,312.7767
215,18,5,6,1,stand,9035,5,53104,FootRight,Tracked,-0.1650747,-0.704807,2.219047,230.9813,324.1925
215,18,5,6,1,stand,9035,5,53104,SpineShoulder,Tracked,-0.3942499,0.5544666,2.060082,187.7945,107.6017
215,18,5,6,1,stand,9035,5,53104,HandTipLeft,Tracked,-1.031306,0.357964,1.693878,36.00471,129.7491
215,18,5,6,1,stand,9035,5,53104,ThumbLeft,Tracked,-0.9473089,0.3913495,1.732375,57.64085,124.0024
215,18,5,6,1,stand,9035,5,53104,HandTipRight,Tracked,-0.2304457,0.03766749,2.101058,218.1611,200.3721
215,18,5,6,1,stand,9035,5,53104,ThumbRight,Tracked,-0.2595837,0.1341281,2.075518,212.4835,183.2101
215,18,5,6,1,stand,9036,5,53135,SpineBase,Tracked,-0.3954053,0.03112419,2.153818,190.9154,201.6407
215,18,5,6,1,stand,9036,5,53135,SpineMid,Tracked,-0.3953348,0.3336192,2.104018,189.2188,148.541
215,18,5,6,1,stand,9036,5,53135,Neck,Tracked,-0.3917848,0.6247877,2.043321,187.6235,94.02388
215,18,5,6,1,stand,9036,5,53135,Head,Tracked,-0.377718,0.7536733,2.020413,189.3627,69.12436
215,18,5,6,1,stand,9036,5,53135,ShoulderLeft,Tracked,-0.5654213,0.5568801,2.033889,155.7314,105.7991
215,18,5,6,1,stand,9036,5,53135,ElbowLeft,Tracked,-0.752079,0.4319533,2.004424,119.8078,127.3332
215,18,5,6,1,stand,9036,5,53135,WristLeft,Tracked,-0.8914711,0.3247481,1.881935,83.6467,143.2816
215,18,5,6,1,stand,9036,5,53135,HandLeft,Tracked,-0.9489873,0.2927356,1.824329,66.82506,147.8482
215,18,5,6,1,stand,9036,5,53135,ShoulderRight,Tracked,-0.2120359,0.5320261,2.08581,220.9614,112.9181
215,18,5,6,1,stand,9036,5,53135,ElbowRight,Tracked,-0.1113663,0.3302773,2.14454,239.349,150.339
215,18,5,6,1,stand,9036,5,53135,WristRight,Tracked,-0.1585188,0.1291791,2.087601,230.5603,184.2366
215,18,5,6,1,stand,9036,5,53135,HandRight,Tracked,-0.2123892,0.0934979,2.096729,221.2407,190.5801
215,18,5,6,1,stand,9036,5,53135,HipLeft,Tracked,-0.4698511,0.03777236,2.102229,176.1484,200.3402
215,18,5,6,1,stand,9036,5,53135,KneeLeft,Tracked,-0.4742869,-0.3416477,2.200944,179.0111,264.1713
215,18,5,6,1,stand,9036,5,53135,AnkleLeft,Tracked,-0.4694564,-0.6586695,2.251271,181.4241,315.0122
215,18,5,6,1,stand,9036,5,53135,FootLeft,Tracked,-0.4904862,-0.7271104,2.180534,175.3293,330.1609
215,18,5,6,1,stand,9036,5,53135,HipRight,Tracked,-0.3084229,0.02333939,2.137403,205.4137,202.9431
215,18,5,6,1,stand,9036,5,53135,KneeRight,Tracked,-0.272886,-0.3719134,2.236286,213.5316,268.1604
215,18,5,6,1,stand,9036,5,53135,AnkleRight,Tracked,-0.2055442,-0.6559159,2.277015,225.1376,313.2264
215,18,5,6,1,stand,9036,5,53135,FootRight,Tracked,-0.1638318,-0.7065171,2.218355,231.1791,324.5154
215,18,5,6,1,stand,9036,5,53135,SpineShoulder,Tracked,-0.3932559,0.5535867,2.060596,187.9912,107.7855
215,18,5,6,1,stand,9036,5,53135,HandTipLeft,Tracked,-0.997739,0.2568977,1.772732,51.5997,153.6987
215,18,5,6,1,stand,9036,5,53135,ThumbLeft,Tracked,-0.9210677,0.2933865,1.761308,65.85472,145.612
215,18,5,6,1,stand,9036,5,53135,HandTipRight,Tracked,-0.2335617,0.04003078,2.098958,217.5743,199.9518
215,18,5,6,1,stand,9036,5,53135,ThumbRight,Tracked,-0.2589023,0.1361779,2.076065,212.6161,182.8535
215,18,5,6,1,stand,9037,5,53170,SpineBase,Tracked,-0.3928887,0.02772337,2.155731,191.4071,202.2258
215,18,5,6,1,stand,9037,5,53170,SpineMid,Tracked,-0.394102,0.3319584,2.10469,189.4586,148.852
215,18,5,6,1,stand,9037,5,53170,Neck,Tracked,-0.3915322,0.6243702,2.04329,187.6683,94.09798
215,18,5,6,1,stand,9037,5,53170,Head,Tracked,-0.3772702,0.7532926,2.020488,189.4472,69.19908
215,18,5,6,1,stand,9037,5,53170,ShoulderLeft,Tracked,-0.5641501,0.5480565,2.032521,155.896,107.3374
215,18,5,6,1,stand,9037,5,53170,ElbowLeft,Tracked,-0.7310204,0.3875797,2.019481,124.6903,136.0433
215,18,5,6,1,stand,9037,5,53170,WristLeft,Tracked,-0.8526233,0.2510112,1.907597,93.3559,158.3554
215,18,5,6,1,stand,9037,5,53170,HandLeft,Tracked,-0.8754137,0.2334894,1.88545,87.00204,161.2301
215,18,5,6,1,stand,9037,5,53170,ShoulderRight,Tracked,-0.210276,0.532226,2.087563,221.3041,112.9628
215,18,5,6,1,stand,9037,5,53170,ElbowRight,Tracked,-0.110313,0.33001,2.1467,239.5487,150.4423
215,18,5,6,1,stand,9037,5,53170,WristRight,Tracked,-0.1586613,0.1298086,2.08727,230.5307,184.1222
215,18,5,6,1,stand,9037,5,53170,HandRight,Tracked,-0.2125414,0.0940746,2.097678,221.2308,190.4865
215,18,5,6,1,stand,9037,5,53170,HipLeft,Tracked,-0.4671579,0.0334278,2.103736,176.6821,201.1056
215,18,5,6,1,stand,9037,5,53170,KneeLeft,Tracked,-0.4740985,-0.3448363,2.204045,179.1536,264.6246
215,18,5,6,1,stand,9037,5,53170,AnkleLeft,Tracked,-0.4694067,-0.6589212,2.251213,181.4302,315.0564
215,18,5,6,1,stand,9037,5,53170,FootLeft,Tracked,-0.4893774,-0.7267962,2.178749,175.4492,330.2085
215,18,5,6,1,stand,9037,5,53170,HipRight,Tracked,-0.3061302,0.02087284,2.139647,205.8645,203.3711
215,18,5,6,1,stand,9037,5,53170,KneeRight,Tracked,-0.2733181,-0.3722703,2.236629,213.4671,268.2101
215,18,5,6,1,stand,9037,5,53170,AnkleRight,Tracked,-0.2011913,-0.653473,2.278729,225.8688,312.7465
215,18,5,6,1,stand,9037,5,53170,FootRight,Tracked,-0.1641736,-0.7061775,2.218467,231.1237,324.4526
215,18,5,6,1,stand,9037,5,53170,SpineShoulder,Tracked,-0.3928062,0.5529303,2.060655,188.0743,107.9067
215,18,5,6,1,stand,9037,5,53170,HandTipLeft,Tracked,-0.92904,0.1743359,1.819971,70.18405,171.6293
215,18,5,6,1,stand,9037,5,53170,ThumbLeft,Tracked,-0.8792607,0.2036791,1.799182,78.09662,165.1797
215,18,5,6,1,stand,9037,5,53170,HandTipRight,Tracked,-0.2315193,0.03915367,2.101601,217.9834,200.114
215,18,5,6,1,stand,9037,5,53170,ThumbRight,Tracked,-0.2593482,0.1343634,2.074932,212.5123,183.1617
215,18,5,6,1,stand,9038,5,53209,SpineBase,Tracked,-0.3918764,0.0257134,2.156396,191.6014,202.5701
215,18,5,6,1,stand,9038,5,53209,SpineMid,Tracked,-0.3936261,0.330666,2.105178,189.559,149.0926
215,18,5,6,1,stand,9038,5,53209,Neck,Tracked,-0.3915742,0.6238803,2.043457,187.6668,94.19613
215,18,5,6,1,stand,9038,5,53209,Head,Tracked,-0.3773023,0.7531834,2.020603,189.4452,69.22685
215,18,5,6,1,stand,9038,5,53209,ShoulderLeft,Tracked,-0.5651387,0.5417396,2.031146,155.6481,108.4202
215,18,5,6,1,stand,9038,5,53209,ElbowLeft,Tracked,-0.7077137,0.3422022,2.035359,129.9811,144.842
215,18,5,6,1,stand,9038,5,53209,WristLeft,Tracked,-0.8262269,0.1881202,1.947159,101.663,171.26
215,18,5,6,1,stand,9038,5,53209,HandLeft,Tracked,-0.8298402,0.172827,1.929797,99.56487,173.8677
215,18,5,6,1,stand,9038,5,53209,ShoulderRight,Tracked,-0.2101487,0.5321556,2.087938,221.3334,112.9924
215,18,5,6,1,stand,9038,5,53209,ElbowRight,Tracked,-0.1103346,0.3300172,2.149384,239.5687,150.5119
215,18,5,6,1,stand,9038,5,53209,WristRight,Tracked,-0.157865,0.1298191,2.089165,230.6962,184.1412
215,18,5,6,1,stand,9038,5,53209,HandRight,Tracked,-0.2133373,0.09360761,2.101259,221.1551,190.5962
215,18,5,6,1,stand,9038,5,53209,HipLeft,Tracked,-0.466262,0.03078973,2.103885,176.8458,201.5677
215,18,5,6,1,stand,9038,5,53209,KneeLeft,Tracked,-0.4742377,-0.3446225,2.20435,179.1414,264.5808
215,18,5,6,1,stand,9038,5,53209,AnkleLeft,Tracked,-0.4692662,-0.6585284,2.251843,181.4751,314.9613
215,18,5,6,1,stand,9038,5,53209,FootLeft,Tracked,-0.4891452,-0.7266058,2.178198,175.4676,330.2074
215,18,5,6,1,stand,9038,5,53209,HipRight,Tracked,-0.3050099,0.01942104,2.140792,206.0856,203.6222
215,18,5,6,1,stand,9038,5,53209,KneeRight,Tracked,-0.2722408,-0.3720495,2.23704,213.6531,268.1619
215,18,5,6,1,stand,9038,5,53209,AnkleRight,Tracked,-0.2007069,-0.6534078,2.278697,225.9468,312.7373
215,18,5,6,1,stand,9038,5,53209,FootRight,Tracked,-0.1639287,-0.7063102,2.218589,231.1659,324.4683
215,18,5,6,1,stand,9038,5,53209,SpineShoulder,Tracked,-0.3927348,0.5522625,2.060885,188.0954,108.038
215,18,5,6,1,stand,9038,5,53209,HandTipLeft,Tracked,-0.8675845,0.1027703,1.883899,88.33995,186.8065
215,18,5,6,1,stand,9038,5,53209,ThumbLeft,Tracked,-0.8281935,0.1185176,1.8505,93.10562,183.2959
215,18,5,6,1,stand,9038,5,53209,HandTipRight,Tracked,-0.2320729,0.04004011,2.105674,217.9651,199.9726
215,18,5,6,1,stand,9038,5,53209,ThumbRight,Tracked,-0.25868,0.1363451,2.077369,212.6843,182.8391
215,18,5,6,1,stand,9039,5,53267,SpineBase,Tracked,-0.3907927,0.02371325,2.156807,191.7999,202.9121
215,18,5,6,1,stand,9039,5,53267,SpineMid,Tracked,-0.3937191,0.3295904,2.105345,189.5487,149.2858
215,18,5,6,1,stand,9039,5,53267,Neck,Tracked,-0.3928886,0.6231281,2.043372,187.4262,94.32734
215,18,5,6,1,stand,9039,5,53267,Head,Tracked,-0.3785499,0.7527671,2.020747,189.222,69.31281
215,18,5,6,1,stand,9039,5,53267,ShoulderLeft,Tracked,-0.5652712,0.533771,2.027718,155.452,109.7073
215,18,5,6,1,stand,9039,5,53267,ElbowLeft,Tracked,-0.6669713,0.2967898,2.072818,139.614,154.0806
215,18,5,6,1,stand,9039,5,53267,WristLeft,Tracked,-0.7074659,0.09322526,2.024577,129.3959,189.9512
215,18,5,6,1,stand,9039,5,53267,HandLeft,Tracked,-0.7042832,0.03313887,2.015469,129.4013,200.8841
215,18,5,6,1,stand,9039,5,53267,ShoulderRight,Tracked,-0.2113554,0.532714,2.088583,221.1315,112.922
215,18,5,6,1,stand,9039,5,53267,ElbowRight,Tracked,-0.1126918,0.3301015,2.154219,239.2088,150.6241
215,18,5,6,1,stand,9039,5,53267,WristRight,Tracked,-0.1581779,0.1296252,2.093232,230.6952,184.2196
215,18,5,6,1,stand,9039,5,53267,HandRight,Tracked,-0.2150335,0.09405785,2.10402,220.9075,190.5389
215,18,5,6,1,stand,9039,5,53267,HipLeft,Tracked,-0.4652514,0.02824617,2.103751,177.0186,202.0126
215,18,5,6,1,stand,9039,5,53267,KneeLeft,Tracked,-0.4741057,-0.3450026,2.204665,179.1747,264.6362
215,18,5,6,1,stand,9039,5,53267,AnkleLeft,Tracked,-0.4691303,-0.6582705,2.251738,181.4939,314.9239
215,18,5,6,1,stand,9039,5,53267,FootLeft,Tracked,-0.4891142,-0.7266036,2.178077,175.4683,330.2139
215,18,5,6,1,stand,9039,5,53267,HipRight,Tracked,-0.3038823,0.01796204,2.141678,206.3014,203.874
215,18,5,6,1,stand,9039,5,53267,KneeRight,Tracked,-0.2738718,-0.3733835,2.237501,213.3931,268.3701
215,18,5,6,1,stand,9039,5,53267,AnkleRight,Tracked,-0.1990677,-0.6609021,2.277787,226.197,314.0009
215,18,5,6,1,stand,9039,5,53267,FootRight,Tracked,-0.1606239,-0.7118224,2.21575,231.6802,325.543
215,18,5,6,1,stand,9039,5,53267,SpineShoulder,Tracked,-0.3935899,0.5514703,2.060872,187.9419,108.1794
215,18,5,6,1,stand,9039,5,53267,HandTipLeft,Tracked,-0.7410263,-0.0553633,2.035877,124.0,217.0
215,18,5,6,1,stand,9039,5,53267,ThumbLeft,Tracked,-0.671089,0.0173769,1.969,132.6004,203.6974
215,18,5,6,1,stand,9039,5,53267,HandTipRight,Tracked,-0.233706,0.03945174,2.103962,217.6465,200.0695
215,18,5,6,1,stand,9039,5,53267,ThumbRight,Tracked,-0.2586858,0.1366095,2.077287,212.6815,182.7914
215,18,5,6,1,stand,9040,5,53301,SpineBase,Tracked,-0.3915092,0.02189561,2.156802,191.6771,203.222
215,18,5,6,1,stand,9040,5,53301,SpineMid,Tracked,-0.3944976,0.3281719,2.105298,189.4112,149.5329
215,18,5,6,1,stand,9040,5,53301,Neck,Tracked,-0.3939097,0.6223038,2.04315,187.2339,94.46416
215,18,5,6,1,stand,9040,5,53301,Head,Tracked,-0.3811217,0.752616,2.020793,188.7534,69.3436
215,18,5,6,1,stand,9040,5,53301,ShoulderLeft,Tracked,-0.5668512,0.5295606,2.026231,155.0889,110.4041
215,18,5,6,1,stand,9040,5,53301,ElbowLeft,Tracked,-0.6588798,0.286688,2.080307,141.4912,156.0699
215,18,5,6,1,stand,9040,5,53301,WristLeft,Tracked,-0.6431921,0.07553579,2.06222,143.345,193.4392
215,18,5,6,1,stand,9040,5,53301,HandLeft,Tracked,-0.6255035,0.02336106,2.067114,146.8033,202.7864
215,18,5,6,1,stand,9040,5,53301,ShoulderRight,Tracked,-0.2126606,0.5325735,2.089489,220.9173,112.9874
215,18,5,6,1,stand,9040,5,53301,ElbowRight,Tracked,-0.115122,0.3309035,2.156244,238.8123,150.5396
215,18,5,6,1,stand,9040,5,53301,WristRight,Tracked,-0.1574516,0.1294241,2.096452,230.8653,184.2899
215,18,5,6,1,stand,9040,5,53301,HandRight,Tracked,-0.2129898,0.09429915,2.106022,221.3002,190.5127
215,18,5,6,1,stand,9040,5,53301,HipLeft,Tracked,-0.466314,0.02614954,2.103511,176.8223,202.3789
215,18,5,6,1,stand,9040,5,53301,KneeLeft,Tracked,-0.4730775,-0.3474737,2.205318,179.3696,265.0324
215,18,5,6,1,stand,9040,5,53301,AnkleLeft,Tracked,-0.4690274,-0.6581072,2.251657,181.5081,314.9008
215,18,5,6,1,stand,9040,5,53301,FootLeft,Tracked,-0.4889769,-0.7264739,2.177286,175.4614,330.2366
215,18,5,6,1,stand,9040,5,53301,HipRight,Tracked,-0.304298,0.01656686,2.141869,206.2346,204.1136
215,18,5,6,1,stand,9040,5,53301,KneeRight,Tracked,-0.2735384,-0.3733554,2.237656,213.4511,268.361
215,18,5,6,1,stand,9040,5,53301,AnkleRight,Tracked,-0.19901,-0.6623524,2.277195,226.1974,314.2653
215,18,5,6,1,stand,9040,5,53301,FootRight,Tracked,-0.1601252,-0.7128938,2.214974,231.7537,325.7643
215,18,5,6,1,stand,9040,5,53301,SpineShoulder,Tracked,-0.3945378,0.5504854,2.06069,187.766,108.3473
215,18,5,6,1,stand,9040,5,53301,HandTipLeft,Tracked,-0.6336931,-0.06689644,2.093096,146.7413,218.7473
215,18,5,6,1,stand,9040,5,53301,ThumbLeft,Tracked,-0.577408,-0.01154611,2.020875,153.0718,209.0628
215,18,5,6,1,stand,9040,5,53301,HandTipRight,Tracked,-0.2298803,0.03851695,2.110591,218.4419,200.2541
215,18,5,6,1,stand,9040,5,53301,ThumbRight,Tracked,-0.2565522,0.1353728,2.078454,213.0855,183.0242
